{"type":"FeatureCollection","features":[{"type":"Feature","geometry":{"type":"Point","coordinates":[6.5007163,44.0908599]},"properties":{"commune":"Inconnue","numero":"1404667698","type_hydrant":"pillar","etat":"Opérationnel"}},{"type":"Feature","geometry":{"type":"Point","coordinates":[6.3416317,44.4448519]},"properties":{"commune":"Inconnue","numero":"1880187018","type_hydrant":"PI","etat":"Opérationnel"}},{"type":"Feature","geometry":{"type":"Point","coordinates":[6.3589113,44.4569965]},"properties":{"commune":"Inconnue","numero":"1880187036","type_hydrant":"PI","etat":"Opérationnel"}},{"type":"Feature","geometry":{"type":"Point","coordinates":[6.2292194,44.1046736]},"properties":{"commune":"Inconnue","numero":"070014","type_hydrant":"pillar","etat":"Opérationnel"}},{"type":"Feature","geometry":{"type":"Point","coordinates":[6.3543741,44.3506675]},"properties":{"commune":"Inconnue","numero":"205100","type_hydrant":"pillar","etat":"Opérationnel"}},{"type":"Feature","geometry":{"type":"Point","coordinates":[6.3610579,44.3513257]},"properties":{"commune":"Inconnue","numero":"205080","type_hydrant":"pillar","etat":"Opérationnel"}},{"type":"Feature","geometry":{"type":"Point","coordinates":[6.3727313,44.4423596]},"properties":{"commune":"Inconnue","numero":"1883147946","type_hydrant":"pillar","etat":"Opérationnel"}},{"type":"Feature","geometry":{"type":"Point","coordinates":[6.3653022,44.4564917]},"properties":{"commune":"Inconnue","numero":"72","type_hydrant":"pillar","etat":"Opérationnel"}},{"type":"Feature","geometry":{"type":"Point","coordinates":[6.3631692,44.4568464]},"properties":{"commune":"Inconnue","numero":"69","type_hydrant":"pillar","etat":"Opérationnel"}},{"type":"Feature","geometry":{"type":"Point","coordinates":[5.7974817,43.8294966]},"properties":{"commune":"Inconnue","numero":"222","type_hydrant":"pillar","etat":"Opérationnel"}},{"type":"Feature","geometry":{"type":"Point","coordinates":[5.7378837,43.8220473]},"properties":{"commune":"Inconnue","numero":"152012","type_hydrant":"pillar","etat":"Opérationnel"}},{"type":"Feature","geometry":{"type":"Point","coordinates":[5.7384768,43.8196129]},"properties":{"commune":"Inconnue","numero":"152013","type_hydrant":"pillar","etat":"Opérationnel"}},{"type":"Feature","geometry":{"type":"Point","coordinates":[5.7398903,43.8216589]},"properties":{"commune":"Inconnue","numero":"152011","type_hydrant":"pillar","etat":"Opérationnel"}},{"type":"Feature","geometry":{"type":"Point","coordinates":[5.7415789,43.8180759]},"properties":{"commune":"Inconnue","numero":"152015","type_hydrant":"pillar","etat":"Opérationnel"}},{"type":"Feature","geometry":{"type":"Point","coordinates":[5.7435158,43.8157799]},"properties":{"commune":"Inconnue","numero":"15219","type_hydrant":"pillar","etat":"Opérationnel"}},{"type":"Feature","geometry":{"type":"Point","coordinates":[5.8619159,43.8869189]},"properties":{"commune":"Inconnue","numero":"242 027","type_hydrant":"pillar","etat":"Opérationnel"}},{"type":"Feature","geometry":{"type":"Point","coordinates":[5.8636433,43.8882566]},"properties":{"commune":"Inconnue","numero":"242 026","type_hydrant":"pillar","etat":"Opérationnel"}},{"type":"Feature","geometry":{"type":"Point","coordinates":[5.8660653,43.8908621]},"properties":{"commune":"Inconnue","numero":"242 025","type_hydrant":"pillar","etat":"Opérationnel"}},{"type":"Feature","geometry":{"type":"Point","coordinates":[5.7461432,43.8176363]},"properties":{"commune":"Inconnue","numero":"152068","type_hydrant":"pillar","etat":"Opérationnel"}},{"type":"Feature","geometry":{"type":"Point","coordinates":[5.7379878,43.8117175]},"properties":{"commune":"Inconnue","numero":"28","type_hydrant":"pillar","etat":"Opérationnel"}},{"type":"Feature","geometry":{"type":"Point","coordinates":[5.7330767,43.8071726]},"properties":{"commune":"Inconnue","numero":"30","type_hydrant":"pillar","etat":"Opérationnel"}},{"type":"Feature","geometry":{"type":"Point","coordinates":[5.7328112,43.8070663]},"properties":{"commune":"Inconnue","numero":"63","type_hydrant":"pillar","etat":"Opérationnel"}},{"type":"Feature","geometry":{"type":"Point","coordinates":[5.7304428,43.8063141]},"properties":{"commune":"Inconnue","numero":"31","type_hydrant":"pillar","etat":"Opérationnel"}},{"type":"Feature","geometry":{"type":"Point","coordinates":[5.727664,43.8075578]},"properties":{"commune":"Inconnue","numero":"152052","type_hydrant":"pillar","etat":"Opérationnel"}},{"type":"Feature","geometry":{"type":"Point","coordinates":[5.7832508,43.8302627]},"properties":{"commune":"Inconnue","numero":"140","type_hydrant":"pillar","etat":"Opérationnel"}},{"type":"Feature","geometry":{"type":"Point","coordinates":[5.7826895,43.8301851]},"properties":{"commune":"Inconnue","numero":"170","type_hydrant":"pillar","etat":"Opérationnel"}},{"type":"Feature","geometry":{"type":"Point","coordinates":[5.7818422,43.8306279]},"properties":{"commune":"Inconnue","numero":"139","type_hydrant":"pillar","etat":"Opérationnel"}},{"type":"Feature","geometry":{"type":"Point","coordinates":[5.7808361,43.8307138]},"properties":{"commune":"Inconnue","numero":"138","type_hydrant":"pillar","etat":"Opérationnel"}},{"type":"Feature","geometry":{"type":"Point","coordinates":[5.7797234,43.8308738]},"properties":{"commune":"Inconnue","numero":"137","type_hydrant":"pillar","etat":"Opérationnel"}},{"type":"Feature","geometry":{"type":"Point","coordinates":[5.7778304,43.8309381]},"properties":{"commune":"Inconnue","numero":"112033","type_hydrant":"pillar","etat":"Opérationnel"}},{"type":"Feature","geometry":{"type":"Point","coordinates":[5.7815906,43.8274639]},"properties":{"commune":"Inconnue","numero":"171","type_hydrant":"pillar","etat":"Opérationnel"}},{"type":"Feature","geometry":{"type":"Point","coordinates":[5.784836,43.8240667]},"properties":{"commune":"Inconnue","numero":"190","type_hydrant":"pillar","etat":"Opérationnel"}},{"type":"Feature","geometry":{"type":"Point","coordinates":[5.7874773,43.8260325]},"properties":{"commune":"Inconnue","numero":"200","type_hydrant":"pillar","etat":"Opérationnel"}},{"type":"Feature","geometry":{"type":"Point","coordinates":[5.7931452,43.8295698]},"properties":{"commune":"Inconnue","numero":"112218","type_hydrant":"pillar","etat":"Opérationnel"}},{"type":"Feature","geometry":{"type":"Point","coordinates":[5.7957587,43.8287007]},"properties":{"commune":"Inconnue","numero":"221","type_hydrant":"pillar","etat":"Opérationnel"}},{"type":"Feature","geometry":{"type":"Point","coordinates":[5.7974149,43.8328414]},"properties":{"commune":"Inconnue","numero":"130","type_hydrant":"pillar","etat":"Opérationnel"}},{"type":"Feature","geometry":{"type":"Point","coordinates":[5.8039541,43.8370147]},"properties":{"commune":"Inconnue","numero":"261","type_hydrant":"pillar","etat":"Opérationnel"}},{"type":"Feature","geometry":{"type":"Point","coordinates":[5.7802731,43.8381463]},"properties":{"commune":"Inconnue","numero":"120","type_hydrant":"pillar","etat":"Opérationnel"}},{"type":"Feature","geometry":{"type":"Point","coordinates":[5.7808089,43.8332464]},"properties":{"commune":"Inconnue","numero":"2097714142","type_hydrant":"pillar","etat":"Opérationnel"}},{"type":"Feature","geometry":{"type":"Point","coordinates":[5.7849897,43.8300752]},"properties":{"commune":"Inconnue","numero":"112196","type_hydrant":"pillar","etat":"Opérationnel"}},{"type":"Feature","geometry":{"type":"Point","coordinates":[5.7864151,43.8280489]},"properties":{"commune":"Inconnue","numero":"195","type_hydrant":"pillar","etat":"Opérationnel"}},{"type":"Feature","geometry":{"type":"Point","coordinates":[5.7951707,43.8252015]},"properties":{"commune":"Inconnue","numero":"112216","type_hydrant":"pillar","etat":"Opérationnel"}},{"type":"Feature","geometry":{"type":"Point","coordinates":[5.797636,43.828603]},"properties":{"commune":"Inconnue","numero":"112328","type_hydrant":"pillar","etat":"Opérationnel"}},{"type":"Feature","geometry":{"type":"Point","coordinates":[5.8026076,43.8267658]},"properties":{"commune":"Inconnue","numero":"112329","type_hydrant":"pillar","etat":"Opérationnel"}},{"type":"Feature","geometry":{"type":"Point","coordinates":[5.8049706,43.8279268]},"properties":{"commune":"Inconnue","numero":"112331","type_hydrant":"pillar","etat":"Opérationnel"}},{"type":"Feature","geometry":{"type":"Point","coordinates":[5.804978,43.8286077]},"properties":{"commune":"Inconnue","numero":"112332","type_hydrant":"pillar","etat":"Opérationnel"}},{"type":"Feature","geometry":{"type":"Point","coordinates":[5.8042435,43.8280441]},"properties":{"commune":"Inconnue","numero":"112338","type_hydrant":"pillar","etat":"Opérationnel"}},{"type":"Feature","geometry":{"type":"Point","coordinates":[5.8034364,43.8272609]},"properties":{"commune":"Inconnue","numero":"112352","type_hydrant":"pillar","etat":"Opérationnel"}},{"type":"Feature","geometry":{"type":"Point","coordinates":[5.8039487,43.825887]},"properties":{"commune":"Inconnue","numero":"340","type_hydrant":"pillar","etat":"Opérationnel"}},{"type":"Feature","geometry":{"type":"Point","coordinates":[5.805322,43.8254868]},"properties":{"commune":"Inconnue","numero":"279","type_hydrant":"pillar","etat":"Opérationnel"}},{"type":"Feature","geometry":{"type":"Point","coordinates":[5.8700683,43.8941316]},"properties":{"commune":"Inconnue","numero":"242 024","type_hydrant":"pillar","etat":"Opérationnel"}},{"type":"Feature","geometry":{"type":"Point","coordinates":[5.798383,43.8276189]},"properties":{"commune":"Inconnue","numero":"280","type_hydrant":"pillar","etat":"Opérationnel"}},{"type":"Feature","geometry":{"type":"Point","coordinates":[5.8055035,43.8293545]},"properties":{"commune":"Inconnue","numero":"112333","type_hydrant":"pillar","etat":"Opérationnel"}},{"type":"Feature","geometry":{"type":"Point","coordinates":[5.8071206,43.8273716]},"properties":{"commune":"Inconnue","numero":"112330","type_hydrant":"pillar","etat":"Opérationnel"}},{"type":"Feature","geometry":{"type":"Point","coordinates":[5.7522523,43.8152289]},"properties":{"commune":"Inconnue","numero":"24","type_hydrant":"pillar","etat":"Opérationnel"}},{"type":"Feature","geometry":{"type":"Point","coordinates":[5.7569548,43.8149674]},"properties":{"commune":"Inconnue","numero":"25","type_hydrant":"pillar","etat":"Opérationnel"}},{"type":"Feature","geometry":{"type":"Point","coordinates":[5.7487976,43.8102558]},"properties":{"commune":"Inconnue","numero":"43","type_hydrant":"pillar","etat":"Opérationnel"}},{"type":"Feature","geometry":{"type":"Point","coordinates":[5.7472795,43.8104725]},"properties":{"commune":"Inconnue","numero":"152042","type_hydrant":"pillar","etat":"Opérationnel"}},{"type":"Feature","geometry":{"type":"Point","coordinates":[5.795843,43.8181351]},"properties":{"commune":"Inconnue","numero":"112244","type_hydrant":"pillar","etat":"Opérationnel"}},{"type":"Feature","geometry":{"type":"Point","coordinates":[5.7948062,43.8188189]},"properties":{"commune":"Inconnue","numero":"112243","type_hydrant":"pillar","etat":"Opérationnel"}},{"type":"Feature","geometry":{"type":"Point","coordinates":[5.7940083,43.8191491]},"properties":{"commune":"Inconnue","numero":"112242","type_hydrant":"pillar","etat":"Opérationnel"}},{"type":"Feature","geometry":{"type":"Point","coordinates":[5.7994103,43.830756]},"properties":{"commune":"Inconnue","numero":"274","type_hydrant":"pillar","etat":"Opérationnel"}},{"type":"Feature","geometry":{"type":"Point","coordinates":[5.7986539,43.8289056]},"properties":{"commune":"Inconnue","numero":"112327","type_hydrant":"pillar","etat":"Opérationnel"}},{"type":"Feature","geometry":{"type":"Point","coordinates":[5.8003222,43.8287702]},"properties":{"commune":"Inconnue","numero":"321","type_hydrant":"pillar","etat":"Opérationnel"}},{"type":"Feature","geometry":{"type":"Point","coordinates":[5.8655135,43.8894145]},"properties":{"commune":"Inconnue","numero":"242 020","type_hydrant":"pillar","etat":"Opérationnel"}},{"type":"Feature","geometry":{"type":"Point","coordinates":[5.7743318,43.8272648]},"properties":{"commune":"Inconnue","numero":"112076","type_hydrant":"pillar","etat":"Opérationnel"}},{"type":"Feature","geometry":{"type":"Point","coordinates":[5.7807357,43.8264012]},"properties":{"commune":"Inconnue","numero":"112177","type_hydrant":"pillar","etat":"Opérationnel"}},{"type":"Feature","geometry":{"type":"Point","coordinates":[5.782366,43.8289351]},"properties":{"commune":"Inconnue","numero":"361","type_hydrant":"pillar","etat":"Opérationnel"}},{"type":"Feature","geometry":{"type":"Point","coordinates":[5.741914,43.8331595]},"properties":{"commune":"Inconnue","numero":"152002","type_hydrant":"pillar","etat":"Opérationnel"}},{"type":"Feature","geometry":{"type":"Point","coordinates":[5.7396003,43.8340876]},"properties":{"commune":"Inconnue","numero":"152001","type_hydrant":"pillar","etat":"Opérationnel"}},{"type":"Feature","geometry":{"type":"Point","coordinates":[5.7413008,43.8224699]},"properties":{"commune":"Inconnue","numero":"152010","type_hydrant":"pillar","etat":"Opérationnel"}},{"type":"Feature","geometry":{"type":"Point","coordinates":[5.7442135,43.8196756]},"properties":{"commune":"Inconnue","numero":"18","type_hydrant":"pillar","etat":"Opérationnel"}},{"type":"Feature","geometry":{"type":"Point","coordinates":[5.7431925,43.8197602]},"properties":{"commune":"Inconnue","numero":"74","type_hydrant":"pillar","etat":"Opérationnel"}},{"type":"Feature","geometry":{"type":"Point","coordinates":[5.7492508,43.8202522]},"properties":{"commune":"Inconnue","numero":"72","type_hydrant":"pillar","etat":"Opérationnel"}},{"type":"Feature","geometry":{"type":"Point","coordinates":[5.7418372,43.8321412]},"properties":{"commune":"Inconnue","numero":"152071","type_hydrant":"pillar","etat":"Opérationnel"}},{"type":"Feature","geometry":{"type":"Point","coordinates":[5.7427759,43.8171926]},"properties":{"commune":"Inconnue","numero":"152051","type_hydrant":"pillar","etat":"Opérationnel"}},{"type":"Feature","geometry":{"type":"Point","coordinates":[6.3574495,44.5040412]},"properties":{"commune":"Inconnue","numero":"154001","type_hydrant":"pillar","etat":"Opérationnel"}},{"type":"Feature","geometry":{"type":"Point","coordinates":[6.50675,44.398112]},"properties":{"commune":"Inconnue","numero":"2473620082","type_hydrant":"pillar","etat":"Opérationnel"}},{"type":"Feature","geometry":{"type":"Point","coordinates":[5.8074933,43.8299453]},"properties":{"commune":"Inconnue","numero":"112380","type_hydrant":"pillar","etat":"Opérationnel"}},{"type":"Feature","geometry":{"type":"Point","coordinates":[5.8058371,43.8302936]},"properties":{"commune":"Inconnue","numero":"112379","type_hydrant":"pillar","etat":"Opérationnel"}},{"type":"Feature","geometry":{"type":"Point","coordinates":[5.764837,43.8325537]},"properties":{"commune":"Inconnue","numero":"112044","type_hydrant":"pillar","etat":"Opérationnel"}},{"type":"Feature","geometry":{"type":"Point","coordinates":[5.7615796,43.8009688]},"properties":{"commune":"Inconnue","numero":"40","type_hydrant":"pillar","etat":"Opérationnel"}},{"type":"Feature","geometry":{"type":"Point","coordinates":[5.7832928,43.8353877]},"properties":{"commune":"Inconnue","numero":"149","type_hydrant":"pillar","etat":"Opérationnel"}},{"type":"Feature","geometry":{"type":"Point","coordinates":[5.7862222,43.8330787]},"properties":{"commune":"Inconnue","numero":"363","type_hydrant":"pillar","etat":"Opérationnel"}},{"type":"Feature","geometry":{"type":"Point","coordinates":[5.7856092,43.8343248]},"properties":{"commune":"Inconnue","numero":"147","type_hydrant":"pillar","etat":"Opérationnel"}},{"type":"Feature","geometry":{"type":"Point","coordinates":[5.7844168,43.8336234]},"properties":{"commune":"Inconnue","numero":"159","type_hydrant":"pillar","etat":"Opérationnel"}},{"type":"Feature","geometry":{"type":"Point","coordinates":[5.7841589,43.8322142]},"properties":{"commune":"Inconnue","numero":"2920597691","type_hydrant":"pillar","etat":"Opérationnel"}},{"type":"Feature","geometry":{"type":"Point","coordinates":[5.7955909,43.8076327]},"properties":{"commune":"Inconnue","numero":"246","type_hydrant":"pillar","etat":"Opérationnel"}},{"type":"Feature","geometry":{"type":"Point","coordinates":[5.795039,43.8207464]},"properties":{"commune":"Inconnue","numero":"112227","type_hydrant":"pillar","etat":"Opérationnel"}},{"type":"Feature","geometry":{"type":"Point","coordinates":[5.7829908,43.8356331]},"properties":{"commune":"Inconnue","numero":"386","type_hydrant":"pillar","etat":"Opérationnel"}},{"type":"Feature","geometry":{"type":"Point","coordinates":[5.7795617,43.835057]},"properties":{"commune":"Inconnue","numero":"122","type_hydrant":"PI","etat":"Opérationnel"}},{"type":"Feature","geometry":{"type":"Point","coordinates":[5.7784312,43.8348632]},"properties":{"commune":"Inconnue","numero":"123","type_hydrant":"PI","etat":"Opérationnel"}},{"type":"Feature","geometry":{"type":"Point","coordinates":[5.7749821,43.8373419]},"properties":{"commune":"Inconnue","numero":"26","type_hydrant":"pillar","etat":"Opérationnel"}},{"type":"Feature","geometry":{"type":"Point","coordinates":[5.7771786,43.8374338]},"properties":{"commune":"Inconnue","numero":"27","type_hydrant":"pillar","etat":"Opérationnel"}},{"type":"Feature","geometry":{"type":"Point","coordinates":[5.8163941,43.7996284]},"properties":{"commune":"Inconnue","numero":"112299","type_hydrant":"pillar","etat":"Opérationnel"}},{"type":"Feature","geometry":{"type":"Point","coordinates":[5.8188467,43.8049815]},"properties":{"commune":"Inconnue","numero":"308","type_hydrant":"pillar","etat":"Opérationnel"}},{"type":"Feature","geometry":{"type":"Point","coordinates":[5.821486,43.8348286]},"properties":{"commune":"Inconnue","numero":"307","type_hydrant":"pillar","etat":"Opérationnel"}},{"type":"Feature","geometry":{"type":"Point","coordinates":[5.8081678,43.838928]},"properties":{"commune":"Inconnue","numero":"112259","type_hydrant":"pillar","etat":"Opérationnel"}},{"type":"Feature","geometry":{"type":"Point","coordinates":[5.8082164,43.838942]},"properties":{"commune":"Inconnue","numero":"112258","type_hydrant":"pillar","etat":"Opérationnel"}},{"type":"Feature","geometry":{"type":"Point","coordinates":[5.8175336,43.8484485]},"properties":{"commune":"Inconnue","numero":"2938030697","type_hydrant":"pillar","etat":"Opérationnel"}},{"type":"Feature","geometry":{"type":"Point","coordinates":[5.8142195,43.8573245]},"properties":{"commune":"Inconnue","numero":"251","type_hydrant":"pillar","etat":"Opérationnel"}},{"type":"Feature","geometry":{"type":"Point","coordinates":[5.7928553,43.823071]},"properties":{"commune":"Inconnue","numero":"214","type_hydrant":"pillar","etat":"Opérationnel"}},{"type":"Feature","geometry":{"type":"Point","coordinates":[5.8190293,43.8034659]},"properties":{"commune":"Inconnue","numero":"309","type_hydrant":"pillar","etat":"Opérationnel"}},{"type":"Feature","geometry":{"type":"Point","coordinates":[5.8145337,43.7969733]},"properties":{"commune":"Inconnue","numero":"112297","type_hydrant":"pillar","etat":"Opérationnel"}},{"type":"Feature","geometry":{"type":"Point","coordinates":[5.8152048,43.7979313]},"properties":{"commune":"Inconnue","numero":"112298","type_hydrant":"pillar","etat":"Opérationnel"}},{"type":"Feature","geometry":{"type":"Point","coordinates":[5.8182271,43.8022515]},"properties":{"commune":"Inconnue","numero":"112310","type_hydrant":"pillar","etat":"Opérationnel"}},{"type":"Feature","geometry":{"type":"Point","coordinates":[5.7946146,43.8439903]},"properties":{"commune":"Inconnue","numero":"91","type_hydrant":"pillar","etat":"Opérationnel"}},{"type":"Feature","geometry":{"type":"Point","coordinates":[5.8117749,43.7969413]},"properties":{"commune":"Inconnue","numero":"112295","type_hydrant":"pillar","etat":"Opérationnel"}},{"type":"Feature","geometry":{"type":"Point","coordinates":[5.7844603,43.8347445]},"properties":{"commune":"Inconnue","numero":"148","type_hydrant":"pillar","etat":"Opérationnel"}},{"type":"Feature","geometry":{"type":"Point","coordinates":[5.7817108,43.8354375]},"properties":{"commune":"Inconnue","numero":"150","type_hydrant":"pillar","etat":"Opérationnel"}},{"type":"Feature","geometry":{"type":"Point","coordinates":[5.7815356,43.8346995]},"properties":{"commune":"Inconnue","numero":"151","type_hydrant":"pillar","etat":"Opérationnel"}},{"type":"Feature","geometry":{"type":"Point","coordinates":[5.7858841,43.8331022]},"properties":{"commune":"Inconnue","numero":"146","type_hydrant":"pillar","etat":"Opérationnel"}},{"type":"Feature","geometry":{"type":"Point","coordinates":[5.7884605,43.8323909]},"properties":{"commune":"Inconnue","numero":"145","type_hydrant":"pillar","etat":"Opérationnel"}},{"type":"Feature","geometry":{"type":"Point","coordinates":[5.7902288,43.8312588]},"properties":{"commune":"Inconnue","numero":"362","type_hydrant":"pillar","etat":"Opérationnel"}},{"type":"Feature","geometry":{"type":"Point","coordinates":[5.7914656,43.8324793]},"properties":{"commune":"Inconnue","numero":"112129","type_hydrant":"pillar","etat":"Opérationnel"}},{"type":"Feature","geometry":{"type":"Point","coordinates":[5.7985602,43.8342391]},"properties":{"commune":"Inconnue","numero":"127","type_hydrant":"pillar","etat":"Opérationnel"}},{"type":"Feature","geometry":{"type":"Point","coordinates":[5.7947653,43.8318498]},"properties":{"commune":"Inconnue","numero":"112128","type_hydrant":"pillar","etat":"Opérationnel"}},{"type":"Feature","geometry":{"type":"Point","coordinates":[5.7911174,43.8302144]},"properties":{"commune":"Inconnue","numero":"131","type_hydrant":"pillar","etat":"Opérationnel"}},{"type":"Feature","geometry":{"type":"Point","coordinates":[5.7897841,43.8241567]},"properties":{"commune":"Inconnue","numero":"112209","type_hydrant":"pillar","etat":"Opérationnel"}},{"type":"Feature","geometry":{"type":"Point","coordinates":[5.8039369,43.8389974]},"properties":{"commune":"Inconnue","numero":"112255","type_hydrant":"pillar","etat":"Opérationnel"}},{"type":"Feature","geometry":{"type":"Point","coordinates":[5.8021031,43.8368711]},"properties":{"commune":"Inconnue","numero":"112260","type_hydrant":"pillar","etat":"Opérationnel"}},{"type":"Feature","geometry":{"type":"Point","coordinates":[5.7890857,43.8389721]},"properties":{"commune":"Inconnue","numero":"106","type_hydrant":"pillar","etat":"Opérationnel"}},{"type":"Feature","geometry":{"type":"Point","coordinates":[5.7925204,43.8404581]},"properties":{"commune":"Inconnue","numero":"325","type_hydrant":"pillar","etat":"Opérationnel"}},{"type":"Feature","geometry":{"type":"Point","coordinates":[5.7873707,43.8337671]},"properties":{"commune":"Inconnue","numero":"364","type_hydrant":"pillar","etat":"Opérationnel"}},{"type":"Feature","geometry":{"type":"Point","coordinates":[5.7997669,43.818504]},"properties":{"commune":"Inconnue","numero":"286","type_hydrant":"pillar","etat":"Opérationnel"}},{"type":"Feature","geometry":{"type":"Point","coordinates":[5.7964248,43.8224212]},"properties":{"commune":"Inconnue","numero":"112226","type_hydrant":"pillar","etat":"Opérationnel"}},{"type":"Feature","geometry":{"type":"Point","coordinates":[5.7976636,43.8213877]},"properties":{"commune":"Inconnue","numero":"112343","type_hydrant":"pillar","etat":"Opérationnel"}},{"type":"Feature","geometry":{"type":"Point","coordinates":[5.7828538,43.8350423]},"properties":{"commune":"Inconnue","numero":"2984662237","type_hydrant":"pillar","etat":"Opérationnel"}},{"type":"Feature","geometry":{"type":"Point","coordinates":[6.3394663,43.7796723]},"properties":{"commune":"Inconnue","numero":"144001","type_hydrant":"pillar","etat":"Opérationnel"}},{"type":"Feature","geometry":{"type":"Point","coordinates":[6.5095337,43.8465855]},"properties":{"commune":"Inconnue","numero":"2984747354","type_hydrant":"pillar","etat":"Opérationnel"}},{"type":"Feature","geometry":{"type":"Point","coordinates":[6.5036857,43.8478529]},"properties":{"commune":"Inconnue","numero":"2984754394","type_hydrant":"PI","etat":"Opérationnel"}},{"type":"Feature","geometry":{"type":"Point","coordinates":[6.5106454,43.8482653]},"properties":{"commune":"Inconnue","numero":"2985002883","type_hydrant":"pillar","etat":"Opérationnel"}},{"type":"Feature","geometry":{"type":"Point","coordinates":[5.7994599,43.8230893]},"properties":{"commune":"Inconnue","numero":"112284","type_hydrant":"pillar","etat":"Opérationnel"}},{"type":"Feature","geometry":{"type":"Point","coordinates":[5.8004436,43.8220794]},"properties":{"commune":"Inconnue","numero":"2987751656","type_hydrant":"pillar","etat":"Opérationnel"}},{"type":"Feature","geometry":{"type":"Point","coordinates":[5.801706,43.8240617]},"properties":{"commune":"Inconnue","numero":"112282","type_hydrant":"pillar","etat":"Opérationnel"}},{"type":"Feature","geometry":{"type":"Point","coordinates":[5.8230062,43.8498522]},"properties":{"commune":"Inconnue","numero":"2987757170","type_hydrant":"pillar","etat":"Opérationnel"}},{"type":"Feature","geometry":{"type":"Point","coordinates":[5.7999872,43.8326027]},"properties":{"commune":"Inconnue","numero":"274","type_hydrant":"pillar","etat":"Opérationnel"}},{"type":"Feature","geometry":{"type":"Point","coordinates":[5.8057699,43.8337527]},"properties":{"commune":"Inconnue","numero":"275","type_hydrant":"pillar","etat":"Opérationnel"}},{"type":"Feature","geometry":{"type":"Point","coordinates":[5.7729075,43.8428849]},"properties":{"commune":"Inconnue","numero":"112014","type_hydrant":"pillar","etat":"Opérationnel"}},{"type":"Feature","geometry":{"type":"Point","coordinates":[5.7717187,43.8426084]},"properties":{"commune":"Inconnue","numero":"15","type_hydrant":"pillar","etat":"Opérationnel"}},{"type":"Feature","geometry":{"type":"Point","coordinates":[5.771321,43.8400496]},"properties":{"commune":"Inconnue","numero":"12","type_hydrant":"pillar","etat":"Opérationnel"}},{"type":"Feature","geometry":{"type":"Point","coordinates":[5.7828161,43.8393766]},"properties":{"commune":"Inconnue","numero":"112119","type_hydrant":"pillar","etat":"Opérationnel"}},{"type":"Feature","geometry":{"type":"Point","coordinates":[5.784485,43.8378753]},"properties":{"commune":"Inconnue","numero":"112118","type_hydrant":"pillar","etat":"Opérationnel"}},{"type":"Feature","geometry":{"type":"Point","coordinates":[5.7855606,43.8371073]},"properties":{"commune":"Inconnue","numero":"112115","type_hydrant":"pillar","etat":"Opérationnel"}},{"type":"Feature","geometry":{"type":"Point","coordinates":[5.7865932,43.8415102]},"properties":{"commune":"Inconnue","numero":"112368","type_hydrant":"pillar","etat":"Opérationnel"}},{"type":"Feature","geometry":{"type":"Point","coordinates":[5.78772,43.8407451]},"properties":{"commune":"Inconnue","numero":"112096","type_hydrant":"pillar","etat":"Opérationnel"}},{"type":"Feature","geometry":{"type":"Point","coordinates":[5.807246,43.8382142]},"properties":{"commune":"Inconnue","numero":"257","type_hydrant":"pillar","etat":"Opérationnel"}},{"type":"Feature","geometry":{"type":"Point","coordinates":[5.803626,43.8136214]},"properties":{"commune":"Inconnue","numero":"288","type_hydrant":"pillar","etat":"Opérationnel"}},{"type":"Feature","geometry":{"type":"Point","coordinates":[5.7875057,43.820596]},"properties":{"commune":"Inconnue","numero":"112212","type_hydrant":"pillar","etat":"Opérationnel"}},{"type":"Feature","geometry":{"type":"Point","coordinates":[5.791607,43.8157557]},"properties":{"commune":"Inconnue","numero":"346","type_hydrant":"pillar","etat":"Opérationnel"}},{"type":"Feature","geometry":{"type":"Point","coordinates":[5.8139274,43.8082918]},"properties":{"commune":"Inconnue","numero":"112291","type_hydrant":"pillar","etat":"Opérationnel"}},{"type":"Feature","geometry":{"type":"Point","coordinates":[5.8130124,43.7945212]},"properties":{"commune":"Inconnue","numero":"296","type_hydrant":"pillar","etat":"Opérationnel"}},{"type":"Feature","geometry":{"type":"Point","coordinates":[5.8110126,43.791892]},"properties":{"commune":"Inconnue","numero":"370","type_hydrant":"pillar","etat":"Opérationnel"}},{"type":"Feature","geometry":{"type":"Point","coordinates":[5.8102334,43.7906495]},"properties":{"commune":"Inconnue","numero":"300","type_hydrant":"pillar","etat":"Opérationnel"}},{"type":"Feature","geometry":{"type":"Point","coordinates":[5.8037344,43.7982318]},"properties":{"commune":"Inconnue","numero":"294","type_hydrant":"pillar","etat":"Opérationnel"}},{"type":"Feature","geometry":{"type":"Point","coordinates":[5.7732754,43.7865724]},"properties":{"commune":"Inconnue","numero":"1","type_hydrant":"pillar","etat":"Opérationnel"}},{"type":"Feature","geometry":{"type":"Point","coordinates":[5.7725402,43.7825625]},"properties":{"commune":"Inconnue","numero":"03","type_hydrant":"pillar","etat":"Opérationnel"}},{"type":"Feature","geometry":{"type":"Point","coordinates":[5.7730259,43.7841755]},"properties":{"commune":"Inconnue","numero":"3","type_hydrant":"pillar","etat":"Opérationnel"}},{"type":"Feature","geometry":{"type":"Point","coordinates":[5.8074366,43.8381613]},"properties":{"commune":"Inconnue","numero":"112256","type_hydrant":"pillar","etat":"Opérationnel"}},{"type":"Feature","geometry":{"type":"Point","coordinates":[5.781188,43.8225857]},"properties":{"commune":"Inconnue","numero":"188","type_hydrant":"pillar","etat":"Opérationnel"}},{"type":"Feature","geometry":{"type":"Point","coordinates":[5.782926,43.8218318]},"properties":{"commune":"Inconnue","numero":"112187","type_hydrant":"pillar","etat":"Opérationnel"}},{"type":"Feature","geometry":{"type":"Point","coordinates":[5.7807201,43.8242896]},"properties":{"commune":"Inconnue","numero":"179","type_hydrant":"pillar","etat":"Opérationnel"}},{"type":"Feature","geometry":{"type":"Point","coordinates":[5.7806466,43.825298]},"properties":{"commune":"Inconnue","numero":"178","type_hydrant":"pillar","etat":"Opérationnel"}},{"type":"Feature","geometry":{"type":"Point","coordinates":[5.7762724,43.8241847]},"properties":{"commune":"Inconnue","numero":"78","type_hydrant":"pillar","etat":"Opérationnel"}},{"type":"Feature","geometry":{"type":"Point","coordinates":[5.7738612,43.8212308]},"properties":{"commune":"Inconnue","numero":"82","type_hydrant":"pillar","etat":"Opérationnel"}},{"type":"Feature","geometry":{"type":"Point","coordinates":[5.7792337,43.8258982]},"properties":{"commune":"Inconnue","numero":"176","type_hydrant":"pillar","etat":"Opérationnel"}},{"type":"Feature","geometry":{"type":"Point","coordinates":[5.7677942,43.8343389]},"properties":{"commune":"Inconnue","numero":"40","type_hydrant":"pillar","etat":"Opérationnel"}},{"type":"Feature","geometry":{"type":"Point","coordinates":[5.7759358,43.8315206]},"properties":{"commune":"Inconnue","numero":"34","type_hydrant":"pillar","etat":"Opérationnel"}},{"type":"Feature","geometry":{"type":"Point","coordinates":[5.7715428,43.8325136]},"properties":{"commune":"Inconnue","numero":"38","type_hydrant":"pillar","etat":"Opérationnel"}},{"type":"Feature","geometry":{"type":"Point","coordinates":[5.7919263,43.8099707]},"properties":{"commune":"Inconnue","numero":"112344","type_hydrant":"pillar","etat":"Opérationnel"}},{"type":"Feature","geometry":{"type":"Point","coordinates":[5.7914976,43.833381]},"properties":{"commune":"Inconnue","numero":"112125","type_hydrant":"pillar","etat":"Opérationnel"}},{"type":"Feature","geometry":{"type":"Point","coordinates":[5.7868244,43.8353941]},"properties":{"commune":"Inconnue","numero":"114","type_hydrant":"pillar","etat":"Opérationnel"}},{"type":"Feature","geometry":{"type":"Point","coordinates":[5.8064494,43.8279584]},"properties":{"commune":"Inconnue","numero":"112335","type_hydrant":"pillar","etat":"Opérationnel"}},{"type":"Feature","geometry":{"type":"Point","coordinates":[6.1495745,43.7601279]},"properties":{"commune":"Inconnue","numero":"760091","type_hydrant":"pillar","etat":"Opérationnel"}},{"type":"Feature","geometry":{"type":"Point","coordinates":[5.7879985,43.8197574]},"properties":{"commune":"Inconnue","numero":"112239","type_hydrant":"pillar","etat":"Opérationnel"}},{"type":"Feature","geometry":{"type":"Point","coordinates":[5.7915749,43.8223214]},"properties":{"commune":"Inconnue","numero":"112213","type_hydrant":"pillar","etat":"Opérationnel"}},{"type":"Feature","geometry":{"type":"Point","coordinates":[5.7969889,43.8183868]},"properties":{"commune":"Inconnue","numero":"245","type_hydrant":"pillar","etat":"Opérationnel"}},{"type":"Feature","geometry":{"type":"Point","coordinates":[5.786709,43.8335117]},"properties":{"commune":"Inconnue","numero":"146","type_hydrant":"pillar","etat":"Opérationnel"}},{"type":"Feature","geometry":{"type":"Point","coordinates":[5.7882244,43.8336197]},"properties":{"commune":"Inconnue","numero":"112124","type_hydrant":"pillar","etat":"Opérationnel"}},{"type":"Feature","geometry":{"type":"Point","coordinates":[5.7915397,43.8345171]},"properties":{"commune":"Inconnue","numero":"3032546338","type_hydrant":"pillar","etat":"Opérationnel"}},{"type":"Feature","geometry":{"type":"Point","coordinates":[5.7925933,43.835189]},"properties":{"commune":"Inconnue","numero":"3032546339","type_hydrant":"pillar","etat":"Opérationnel"}},{"type":"Feature","geometry":{"type":"Point","coordinates":[5.7774722,43.8331465]},"properties":{"commune":"Inconnue","numero":"112030","type_hydrant":"pillar","etat":"Opérationnel"}},{"type":"Feature","geometry":{"type":"Point","coordinates":[5.7782984,43.8316361]},"properties":{"commune":"Inconnue","numero":"136","type_hydrant":"pillar","etat":"Opérationnel"}},{"type":"Feature","geometry":{"type":"Point","coordinates":[5.778473,43.8342916]},"properties":{"commune":"Inconnue","numero":"132","type_hydrant":"pillar","etat":"Opérationnel"}},{"type":"Feature","geometry":{"type":"Point","coordinates":[5.7653051,43.9365139]},"properties":{"commune":"Inconnue","numero":"111017","type_hydrant":"pillar","etat":"Opérationnel"}},{"type":"Feature","geometry":{"type":"Point","coordinates":[5.7692438,43.9412701]},"properties":{"commune":"Inconnue","numero":"111010","type_hydrant":"pillar","etat":"Opérationnel"}},{"type":"Feature","geometry":{"type":"Point","coordinates":[5.767816,43.9397875]},"properties":{"commune":"Inconnue","numero":"3040867378","type_hydrant":"pillar","etat":"Opérationnel"}},{"type":"Feature","geometry":{"type":"Point","coordinates":[5.7664433,43.9383757]},"properties":{"commune":"Inconnue","numero":"111006","type_hydrant":"pillar","etat":"Opérationnel"}},{"type":"Feature","geometry":{"type":"Point","coordinates":[5.7772235,43.8432667]},"properties":{"commune":"Inconnue","numero":"11","type_hydrant":"pillar","etat":"Opérationnel"}},{"type":"Feature","geometry":{"type":"Point","coordinates":[5.7566042,43.8057198]},"properties":{"commune":"Inconnue","numero":"53","type_hydrant":"pillar","etat":"Opérationnel"}},{"type":"Feature","geometry":{"type":"Point","coordinates":[5.8821637,43.761825]},"properties":{"commune":"Inconnue","numero":"9","type_hydrant":"pillar","etat":"Opérationnel"}},{"type":"Feature","geometry":{"type":"Point","coordinates":[5.8791151,43.7597593]},"properties":{"commune":"Inconnue","numero":"8","type_hydrant":"pillar","etat":"Opérationnel"}},{"type":"Feature","geometry":{"type":"Point","coordinates":[5.8811438,43.7592542]},"properties":{"commune":"Inconnue","numero":"7","type_hydrant":"pillar","etat":"Opérationnel"}},{"type":"Feature","geometry":{"type":"Point","coordinates":[5.8807457,43.7580933]},"properties":{"commune":"Inconnue","numero":"29","type_hydrant":"pillar","etat":"Opérationnel"}},{"type":"Feature","geometry":{"type":"Point","coordinates":[5.8805305,43.7560695]},"properties":{"commune":"Inconnue","numero":"30","type_hydrant":"pillar","etat":"Opérationnel"}},{"type":"Feature","geometry":{"type":"Point","coordinates":[5.8796786,43.7536307]},"properties":{"commune":"Inconnue","numero":"3055872844","type_hydrant":"pillar","etat":"Opérationnel"}},{"type":"Feature","geometry":{"type":"Point","coordinates":[5.8819965,43.7570379]},"properties":{"commune":"Inconnue","numero":"3055897063","type_hydrant":"pillar","etat":"Opérationnel"}},{"type":"Feature","geometry":{"type":"Point","coordinates":[5.8891731,43.761729]},"properties":{"commune":"Inconnue","numero":"094018","type_hydrant":"pillar","etat":"Opérationnel"}},{"type":"Feature","geometry":{"type":"Point","coordinates":[5.7919168,43.8202529]},"properties":{"commune":"Inconnue","numero":"241","type_hydrant":"pillar","etat":"Opérationnel"}},{"type":"Feature","geometry":{"type":"Point","coordinates":[5.7888196,43.8278361]},"properties":{"commune":"Inconnue","numero":"112205","type_hydrant":"pillar","etat":"Opérationnel"}},{"type":"Feature","geometry":{"type":"Point","coordinates":[5.7901204,43.8266874]},"properties":{"commune":"Inconnue","numero":"112206","type_hydrant":"pillar","etat":"Opérationnel"}},{"type":"Feature","geometry":{"type":"Point","coordinates":[5.7871896,43.8318004]},"properties":{"commune":"Inconnue","numero":"142","type_hydrant":"pillar","etat":"Opérationnel"}},{"type":"Feature","geometry":{"type":"Point","coordinates":[5.7884398,43.8311502]},"properties":{"commune":"Inconnue","numero":"143","type_hydrant":"pillar","etat":"Opérationnel"}},{"type":"Feature","geometry":{"type":"Point","coordinates":[5.7857101,43.8321917]},"properties":{"commune":"Inconnue","numero":"3080493087","type_hydrant":"pillar","etat":"Opérationnel"}},{"type":"Feature","geometry":{"type":"Point","coordinates":[5.7940319,43.8205471]},"properties":{"commune":"Inconnue","numero":"112228","type_hydrant":"pillar","etat":"Opérationnel"}},{"type":"Feature","geometry":{"type":"Point","coordinates":[5.7853358,43.8290974]},"properties":{"commune":"Inconnue","numero":"197","type_hydrant":"pillar","etat":"Opérationnel"}},{"type":"Feature","geometry":{"type":"Point","coordinates":[5.8023134,43.8340078]},"properties":{"commune":"Inconnue","numero":"268","type_hydrant":"pillar","etat":"Opérationnel"}},{"type":"Feature","geometry":{"type":"Point","coordinates":[5.7923754,43.8274422]},"properties":{"commune":"Inconnue","numero":"112217","type_hydrant":"pillar","etat":"Opérationnel"}},{"type":"Feature","geometry":{"type":"Point","coordinates":[5.7816156,43.8090302]},"properties":{"commune":"Inconnue","numero":"248","type_hydrant":"pillar","etat":"Opérationnel"}},{"type":"Feature","geometry":{"type":"Point","coordinates":[5.7820622,43.8321501]},"properties":{"commune":"Inconnue","numero":"153","type_hydrant":"pillar","etat":"Opérationnel"}},{"type":"Feature","geometry":{"type":"Point","coordinates":[5.787745,43.8299231]},"properties":{"commune":"Inconnue","numero":"202","type_hydrant":"pillar","etat":"Opérationnel"}},{"type":"Feature","geometry":{"type":"Point","coordinates":[5.789262,43.8289203]},"properties":{"commune":"Inconnue","numero":"112204","type_hydrant":"pillar","etat":"Opérationnel"}},{"type":"Feature","geometry":{"type":"Point","coordinates":[5.7889757,43.8667054]},"properties":{"commune":"Inconnue","numero":"3101828848","type_hydrant":"pillar","etat":"Opérationnel"}},{"type":"Feature","geometry":{"type":"Point","coordinates":[5.7918687,43.8691242]},"properties":{"commune":"Inconnue","numero":"18","type_hydrant":"pillar","etat":"Opérationnel"}},{"type":"Feature","geometry":{"type":"Point","coordinates":[5.7907784,43.8393301]},"properties":{"commune":"Inconnue","numero":"105","type_hydrant":"pillar","etat":"Opérationnel"}},{"type":"Feature","geometry":{"type":"Point","coordinates":[5.7884139,43.8367438]},"properties":{"commune":"Inconnue","numero":"110","type_hydrant":"pillar","etat":"Opérationnel"}},{"type":"Feature","geometry":{"type":"Point","coordinates":[5.7889482,43.8446024]},"properties":{"commune":"Inconnue","numero":"112092","type_hydrant":"pillar","etat":"Opérationnel"}},{"type":"Feature","geometry":{"type":"Point","coordinates":[5.797589,43.8524513]},"properties":{"commune":"Inconnue","numero":"3103783292","type_hydrant":"pillar","etat":"Opérationnel"}},{"type":"Feature","geometry":{"type":"Point","coordinates":[5.7832833,43.8113413]},"properties":{"commune":"Inconnue","numero":"112348","type_hydrant":"pillar","etat":"Opérationnel"}},{"type":"Feature","geometry":{"type":"Point","coordinates":[5.7666999,43.7860995]},"properties":{"commune":"Inconnue","numero":"197031","type_hydrant":"pillar","etat":"Opérationnel"}},{"type":"Feature","geometry":{"type":"Point","coordinates":[5.7517668,43.8054583]},"properties":{"commune":"Inconnue","numero":"60","type_hydrant":"pillar","etat":"Opérationnel"}},{"type":"Feature","geometry":{"type":"Point","coordinates":[5.8222162,43.8425026]},"properties":{"commune":"Inconnue","numero":"112306","type_hydrant":"pillar","etat":"Opérationnel"}},{"type":"Feature","geometry":{"type":"Point","coordinates":[5.7877341,43.8238005]},"properties":{"commune":"Inconnue","numero":"193","type_hydrant":"pillar","etat":"Opérationnel"}},{"type":"Feature","geometry":{"type":"Point","coordinates":[5.7885131,43.821363]},"properties":{"commune":"Inconnue","numero":"3135277975","type_hydrant":"pillar","etat":"Opérationnel"}},{"type":"Feature","geometry":{"type":"Point","coordinates":[5.7882563,43.8011195]},"properties":{"commune":"Inconnue","numero":"247","type_hydrant":"pillar","etat":"Opérationnel"}},{"type":"Feature","geometry":{"type":"Point","coordinates":[5.7843886,43.8133826]},"properties":{"commune":"Inconnue","numero":"3144495633","type_hydrant":"pillar","etat":"Opérationnel"}},{"type":"Feature","geometry":{"type":"Point","coordinates":[5.8716826,43.8911823]},"properties":{"commune":"Inconnue","numero":"242 023","type_hydrant":"pillar","etat":"Opérationnel"}},{"type":"Feature","geometry":{"type":"Point","coordinates":[5.8679204,43.8918958]},"properties":{"commune":"Inconnue","numero":"242 022","type_hydrant":"pillar","etat":"Opérationnel"}},{"type":"Feature","geometry":{"type":"Point","coordinates":[5.7708793,43.7868347]},"properties":{"commune":"Inconnue","numero":"197041","type_hydrant":"pillar","etat":"Opérationnel"}},{"type":"Feature","geometry":{"type":"Point","coordinates":[5.8016142,43.8348015]},"properties":{"commune":"Inconnue","numero":"112265","type_hydrant":"pillar","etat":"Opérationnel"}},{"type":"Feature","geometry":{"type":"Point","coordinates":[5.7982767,43.8208418]},"properties":{"commune":"Inconnue","numero":"112285","type_hydrant":"pillar","etat":"Opérationnel"}},{"type":"Feature","geometry":{"type":"Point","coordinates":[5.7842547,43.8225881]},"properties":{"commune":"Inconnue","numero":"189","type_hydrant":"pillar","etat":"Opérationnel"}},{"type":"Feature","geometry":{"type":"Point","coordinates":[5.9865418,44.0334505]},"properties":{"commune":"Inconnue","numero":"3176953361","type_hydrant":"pillar","etat":"Opérationnel"}},{"type":"Feature","geometry":{"type":"Point","coordinates":[5.9262127,43.9813563]},"properties":{"commune":"Inconnue","numero":"116010","type_hydrant":"pillar","etat":"Opérationnel"}},{"type":"Feature","geometry":{"type":"Point","coordinates":[5.9135379,43.9391874]},"properties":{"commune":"Inconnue","numero":"145 056","type_hydrant":"pillar","etat":"Opérationnel"}},{"type":"Feature","geometry":{"type":"Point","coordinates":[5.9127993,43.9321104]},"properties":{"commune":"Inconnue","numero":"145 054","type_hydrant":"pillar","etat":"Opérationnel"}},{"type":"Feature","geometry":{"type":"Point","coordinates":[5.8416536,43.8669755]},"properties":{"commune":"Inconnue","numero":"245 054","type_hydrant":"pillar","etat":"Opérationnel"}},{"type":"Feature","geometry":{"type":"Point","coordinates":[5.8400142,43.867511]},"properties":{"commune":"Inconnue","numero":"245 053","type_hydrant":"pillar","etat":"Opérationnel"}},{"type":"Feature","geometry":{"type":"Point","coordinates":[5.8356039,43.8708684]},"properties":{"commune":"Inconnue","numero":"245 083","type_hydrant":"pillar","etat":"Opérationnel"}},{"type":"Feature","geometry":{"type":"Point","coordinates":[5.8378041,43.8713599]},"properties":{"commune":"Inconnue","numero":"245 047","type_hydrant":"pillar","etat":"Opérationnel"}},{"type":"Feature","geometry":{"type":"Point","coordinates":[5.8365711,43.8721239]},"properties":{"commune":"Inconnue","numero":"245 040","type_hydrant":"pillar","etat":"Opérationnel"}},{"type":"Feature","geometry":{"type":"Point","coordinates":[5.8354618,43.8695205]},"properties":{"commune":"Inconnue","numero":"245 045","type_hydrant":"pillar","etat":"Opérationnel"}},{"type":"Feature","geometry":{"type":"Point","coordinates":[5.8390703,43.8736135]},"properties":{"commune":"Inconnue","numero":"245 035","type_hydrant":"pillar","etat":"Opérationnel"}},{"type":"Feature","geometry":{"type":"Point","coordinates":[5.8393402,43.8739884]},"properties":{"commune":"Inconnue","numero":"245 028","type_hydrant":"pillar","etat":"Opérationnel"}},{"type":"Feature","geometry":{"type":"Point","coordinates":[5.8407621,43.875486]},"properties":{"commune":"Inconnue","numero":"245 027","type_hydrant":"pillar","etat":"Opérationnel"}},{"type":"Feature","geometry":{"type":"Point","coordinates":[5.8446775,43.875369]},"properties":{"commune":"Inconnue","numero":"245 072","type_hydrant":"pillar","etat":"Opérationnel"}},{"type":"Feature","geometry":{"type":"Point","coordinates":[5.9163667,43.913811]},"properties":{"commune":"Inconnue","numero":"143074","type_hydrant":"pillar","etat":"Opérationnel"}},{"type":"Feature","geometry":{"type":"Point","coordinates":[5.9737676,44.0299796]},"properties":{"commune":"Inconnue","numero":"116044","type_hydrant":"pillar","etat":"Opérationnel"}},{"type":"Feature","geometry":{"type":"Point","coordinates":[6.3661886,43.95189]},"properties":{"commune":"Inconnue","numero":"3189907012","type_hydrant":"pillar","etat":"Opérationnel"}},{"type":"Feature","geometry":{"type":"Point","coordinates":[6.5127895,43.8463189]},"properties":{"commune":"Inconnue","numero":"1","type_hydrant":"pillar","etat":"Opérationnel"}},{"type":"Feature","geometry":{"type":"Point","coordinates":[6.2213601,43.8409434]},"properties":{"commune":"Inconnue","numero":"3190038175","type_hydrant":"pillar","etat":"Opérationnel"}},{"type":"Feature","geometry":{"type":"Point","coordinates":[6.0908201,43.8156098]},"properties":{"commune":"Inconnue","numero":"3190081846","type_hydrant":"pillar","etat":"Opérationnel"}},{"type":"Feature","geometry":{"type":"Point","coordinates":[5.8141802,43.8059443]},"properties":{"commune":"Inconnue","numero":"112292","type_hydrant":"pillar","etat":"Opérationnel"}},{"type":"Feature","geometry":{"type":"Point","coordinates":[5.8128334,43.8043797]},"properties":{"commune":"Inconnue","numero":"112388","type_hydrant":"pillar","etat":"Opérationnel"}},{"type":"Feature","geometry":{"type":"Point","coordinates":[5.7850779,43.827363]},"properties":{"commune":"Inconnue","numero":"112199","type_hydrant":"pillar","etat":"Opérationnel"}},{"type":"Feature","geometry":{"type":"Point","coordinates":[5.5878708,43.8568087]},"properties":{"commune":"Inconnue","numero":"045015","type_hydrant":"pillar","etat":"Opérationnel"}},{"type":"Feature","geometry":{"type":"Point","coordinates":[5.7997852,43.8340152]},"properties":{"commune":"Inconnue","numero":"264","type_hydrant":"pillar","etat":"Opérationnel"}},{"type":"Feature","geometry":{"type":"Point","coordinates":[6.3696609,43.9538231]},"properties":{"commune":"Inconnue","numero":"3223385450","type_hydrant":"pillar","etat":"Opérationnel"}},{"type":"Feature","geometry":{"type":"Point","coordinates":[5.7862402,43.8304888]},"properties":{"commune":"Inconnue","numero":"141","type_hydrant":"pillar","etat":"Opérationnel"}},{"type":"Feature","geometry":{"type":"Point","coordinates":[5.774444,43.7802163]},"properties":{"commune":"Inconnue","numero":"3301440259","type_hydrant":"pillar","etat":"Opérationnel"}},{"type":"Feature","geometry":{"type":"Point","coordinates":[5.7691711,43.7839556]},"properties":{"commune":"Inconnue","numero":"5","type_hydrant":"pillar","etat":"Opérationnel"}},{"type":"Feature","geometry":{"type":"Point","coordinates":[5.7767834,43.7797174]},"properties":{"commune":"Inconnue","numero":"39","type_hydrant":"pillar","etat":"Opérationnel"}},{"type":"Feature","geometry":{"type":"Point","coordinates":[5.7828776,43.8255712]},"properties":{"commune":"Inconnue","numero":"188","type_hydrant":"pillar","etat":"Opérationnel"}},{"type":"Feature","geometry":{"type":"Point","coordinates":[6.2245907,44.0869189]},"properties":{"commune":"Inconnue","numero":"070088","type_hydrant":"pillar","etat":"Opérationnel"}},{"type":"Feature","geometry":{"type":"Point","coordinates":[6.2229092,44.0860902]},"properties":{"commune":"Inconnue","numero":"070090","type_hydrant":"pillar","etat":"Opérationnel"}},{"type":"Feature","geometry":{"type":"Point","coordinates":[5.7836188,43.8333331]},"properties":{"commune":"Inconnue","numero":"160","type_hydrant":"pillar","etat":"Opérationnel"}},{"type":"Feature","geometry":{"type":"Point","coordinates":[5.7799194,43.8211041]},"properties":{"commune":"Inconnue","numero":"360","type_hydrant":"pillar","etat":"Opérationnel"}},{"type":"Feature","geometry":{"type":"Point","coordinates":[5.8058025,43.8277214]},"properties":{"commune":"Inconnue","numero":"112336","type_hydrant":"pillar","etat":"Opérationnel"}},{"type":"Feature","geometry":{"type":"Point","coordinates":[5.8066454,43.8289922]},"properties":{"commune":"Inconnue","numero":"112334","type_hydrant":"pillar","etat":"Opérationnel"}},{"type":"Feature","geometry":{"type":"Point","coordinates":[5.7536153,43.758377]},"properties":{"commune":"Inconnue","numero":"063009","type_hydrant":"pillar","etat":"Opérationnel"}},{"type":"Feature","geometry":{"type":"Point","coordinates":[5.8010034,43.835527]},"properties":{"commune":"Inconnue","numero":"112262","type_hydrant":"pillar","etat":"Opérationnel"}},{"type":"Feature","geometry":{"type":"Point","coordinates":[5.789572,43.8258005]},"properties":{"commune":"Inconnue","numero":"112207","type_hydrant":"pillar","etat":"Opérationnel"}},{"type":"Feature","geometry":{"type":"Point","coordinates":[5.7641369,43.7860921]},"properties":{"commune":"Inconnue","numero":"197030","type_hydrant":"pillar","etat":"Opérationnel"}},{"type":"Feature","geometry":{"type":"Point","coordinates":[5.7837701,43.8226624]},"properties":{"commune":"Inconnue","numero":"112188","type_hydrant":"pillar","etat":"Opérationnel"}},{"type":"Feature","geometry":{"type":"Point","coordinates":[5.795497,43.8272588]},"properties":{"commune":"Inconnue","numero":"219","type_hydrant":"pillar","etat":"Opérationnel"}},{"type":"Feature","geometry":{"type":"Point","coordinates":[5.7738531,43.828221]},"properties":{"commune":"Inconnue","numero":"75","type_hydrant":"pillar","etat":"Opérationnel"}},{"type":"Feature","geometry":{"type":"Point","coordinates":[5.7751665,43.8287201]},"properties":{"commune":"Inconnue","numero":"74","type_hydrant":"pillar","etat":"Opérationnel"}},{"type":"Feature","geometry":{"type":"Point","coordinates":[5.7751451,43.8279952]},"properties":{"commune":"Inconnue","numero":"73","type_hydrant":"pillar","etat":"Opérationnel"}},{"type":"Feature","geometry":{"type":"Point","coordinates":[5.7797425,43.8325109]},"properties":{"commune":"Inconnue","numero":"134","type_hydrant":"pillar","etat":"Opérationnel"}},{"type":"Feature","geometry":{"type":"Point","coordinates":[5.801776,43.8316312]},"properties":{"commune":"Inconnue","numero":"272","type_hydrant":"pillar","etat":"Opérationnel"}},{"type":"Feature","geometry":{"type":"Point","coordinates":[5.801991,43.8328998]},"properties":{"commune":"Inconnue","numero":"270","type_hydrant":"pillar","etat":"Opérationnel"}},{"type":"Feature","geometry":{"type":"Point","coordinates":[5.747396,43.8189067]},"properties":{"commune":"Inconnue","numero":"152057","type_hydrant":"pillar","etat":"Opérationnel"}},{"type":"Feature","geometry":{"type":"Point","coordinates":[5.7358094,43.8101784]},"properties":{"commune":"Inconnue","numero":"3510546780","type_hydrant":"pillar","etat":"Opérationnel"}},{"type":"Feature","geometry":{"type":"Point","coordinates":[5.7610449,43.7964563]},"properties":{"commune":"Inconnue","numero":"3510586439","type_hydrant":"pillar","etat":"Opérationnel"}},{"type":"Feature","geometry":{"type":"Point","coordinates":[5.7657673,43.7928552]},"properties":{"commune":"Inconnue","numero":"3510591639","type_hydrant":"pillar","etat":"Opérationnel"}},{"type":"Feature","geometry":{"type":"Point","coordinates":[5.8408373,43.8689418]},"properties":{"commune":"Inconnue","numero":"245 075","type_hydrant":"pillar","etat":"Opérationnel"}},{"type":"Feature","geometry":{"type":"Point","coordinates":[5.8410111,43.8706664]},"properties":{"commune":"Inconnue","numero":"245 050","type_hydrant":"pillar","etat":"Opérationnel"}},{"type":"Feature","geometry":{"type":"Point","coordinates":[5.7907815,43.9024278]},"properties":{"commune":"Inconnue","numero":"3530264879","type_hydrant":"pillar","etat":"Opérationnel"}},{"type":"Feature","geometry":{"type":"Point","coordinates":[6.0309135,44.3435953]},"properties":{"commune":"Inconnue","numero":"3635286858","type_hydrant":"pillar","etat":"Opérationnel"}},{"type":"Feature","geometry":{"type":"Point","coordinates":[5.7880284,43.8098764]},"properties":{"commune":"Inconnue","numero":"112349","type_hydrant":"pillar","etat":"Opérationnel"}},{"type":"Feature","geometry":{"type":"Point","coordinates":[5.7791116,43.7946664]},"properties":{"commune":"Inconnue","numero":"3676639830","type_hydrant":"pillar","etat":"Opérationnel"}},{"type":"Feature","geometry":{"type":"Point","coordinates":[5.77562,43.7932178]},"properties":{"commune":"Inconnue","numero":"197044","type_hydrant":"pillar","etat":"Opérationnel"}},{"type":"Feature","geometry":{"type":"Point","coordinates":[5.7675235,43.7905846]},"properties":{"commune":"Inconnue","numero":"3676645699","type_hydrant":"pillar","etat":"Opérationnel"}},{"type":"Feature","geometry":{"type":"Point","coordinates":[5.7789227,43.7955914]},"properties":{"commune":"Inconnue","numero":"197045","type_hydrant":"pillar","etat":"Opérationnel"}},{"type":"Feature","geometry":{"type":"Point","coordinates":[5.7679779,43.7864007]},"properties":{"commune":"Inconnue","numero":"197033","type_hydrant":"pillar","etat":"Opérationnel"}},{"type":"Feature","geometry":{"type":"Point","coordinates":[5.7751437,43.7938938]},"properties":{"commune":"Inconnue","numero":"197043","type_hydrant":"pillar","etat":"Opérationnel"}},{"type":"Feature","geometry":{"type":"Point","coordinates":[5.845368,43.8718441]},"properties":{"commune":"Inconnue","numero":"245 068","type_hydrant":"pillar","etat":"Opérationnel"}},{"type":"Feature","geometry":{"type":"Point","coordinates":[5.8434931,43.8672868]},"properties":{"commune":"Inconnue","numero":"245 070","type_hydrant":"pillar","etat":"Opérationnel"}},{"type":"Feature","geometry":{"type":"Point","coordinates":[5.9704844,43.7383979]},"properties":{"commune":"Inconnue","numero":"3904133812","type_hydrant":"pillar","etat":"Opérationnel"}},{"type":"Feature","geometry":{"type":"Point","coordinates":[5.9712925,43.7381325]},"properties":{"commune":"Inconnue","numero":"3904133924","type_hydrant":"pillar","etat":"Opérationnel"}},{"type":"Feature","geometry":{"type":"Point","coordinates":[5.9713217,43.7394128]},"properties":{"commune":"Inconnue","numero":"3904133925","type_hydrant":"pillar","etat":"Opérationnel"}},{"type":"Feature","geometry":{"type":"Point","coordinates":[5.9753278,43.7397901]},"properties":{"commune":"Inconnue","numero":"3904242909","type_hydrant":"pillar","etat":"Opérationnel"}},{"type":"Feature","geometry":{"type":"Point","coordinates":[5.9455746,44.1910031]},"properties":{"commune":"Inconnue","numero":"209125","type_hydrant":"pillar","etat":"Opérationnel"}},{"type":"Feature","geometry":{"type":"Point","coordinates":[6.2204237,44.0879314]},"properties":{"commune":"Inconnue","numero":"070087","type_hydrant":"pillar","etat":"Opérationnel"}},{"type":"Feature","geometry":{"type":"Point","coordinates":[5.7764365,43.8274543]},"properties":{"commune":"Inconnue","numero":"77","type_hydrant":"pillar","etat":"Opérationnel"}},{"type":"Feature","geometry":{"type":"Point","coordinates":[5.7792376,43.8277474]},"properties":{"commune":"Inconnue","numero":"173","type_hydrant":"pillar","etat":"Opérationnel"}},{"type":"Feature","geometry":{"type":"Point","coordinates":[5.7786473,43.8408438]},"properties":{"commune":"Inconnue","numero":"3","type_hydrant":"pillar","etat":"Opérationnel"}},{"type":"Feature","geometry":{"type":"Point","coordinates":[5.7603102,43.8271415]},"properties":{"commune":"Inconnue","numero":"48","type_hydrant":"pillar","etat":"Opérationnel"}},{"type":"Feature","geometry":{"type":"Point","coordinates":[5.7979916,43.8229478]},"properties":{"commune":"Inconnue","numero":"4011568148","type_hydrant":"pillar","etat":"Opérationnel"}},{"type":"Feature","geometry":{"type":"Point","coordinates":[5.7985746,43.8237831]},"properties":{"commune":"Inconnue","numero":"112283","type_hydrant":"pillar","etat":"Opérationnel"}},{"type":"Feature","geometry":{"type":"Point","coordinates":[5.7809981,43.8185012]},"properties":{"commune":"Inconnue","numero":"112359","type_hydrant":"pillar","etat":"Opérationnel"}},{"type":"Feature","geometry":{"type":"Point","coordinates":[5.779106,43.819432]},"properties":{"commune":"Inconnue","numero":"234","type_hydrant":"pillar","etat":"Opérationnel"}},{"type":"Feature","geometry":{"type":"Point","coordinates":[5.7730915,43.8168215]},"properties":{"commune":"Inconnue","numero":"88","type_hydrant":"pillar","etat":"Opérationnel"}},{"type":"Feature","geometry":{"type":"Point","coordinates":[5.7853333,43.8223081]},"properties":{"commune":"Inconnue","numero":"112186","type_hydrant":"pillar","etat":"Opérationnel"}},{"type":"Feature","geometry":{"type":"Point","coordinates":[5.9560463,44.1347425]},"properties":{"commune":"Inconnue","numero":"4157785981","type_hydrant":"pillar","etat":"Opérationnel"}},{"type":"Feature","geometry":{"type":"Point","coordinates":[5.9549201,44.1333127]},"properties":{"commune":"Inconnue","numero":"4157822655","type_hydrant":"pillar","etat":"Opérationnel"}},{"type":"Feature","geometry":{"type":"Point","coordinates":[5.9590489,44.1341975]},"properties":{"commune":"Inconnue","numero":"145037","type_hydrant":"pillar","etat":"Opérationnel"}},{"type":"Feature","geometry":{"type":"Point","coordinates":[5.9620057,44.1353476]},"properties":{"commune":"Inconnue","numero":"4158078903","type_hydrant":"pillar","etat":"Opérationnel"}},{"type":"Feature","geometry":{"type":"Point","coordinates":[5.9622315,44.1335546]},"properties":{"commune":"Inconnue","numero":"4158908111","type_hydrant":"pillar","etat":"Opérationnel"}},{"type":"Feature","geometry":{"type":"Point","coordinates":[5.9572415,44.1439466]},"properties":{"commune":"Inconnue","numero":"4161897278","type_hydrant":"pillar","etat":"Opérationnel"}},{"type":"Feature","geometry":{"type":"Point","coordinates":[6.6411927,44.0034431]},"properties":{"commune":"Inconnue","numero":"4217213902","type_hydrant":"pillar","etat":"Opérationnel"}},{"type":"Feature","geometry":{"type":"Point","coordinates":[6.090379,43.8198271]},"properties":{"commune":"Inconnue","numero":"166029","type_hydrant":"pillar","etat":"Opérationnel"}},{"type":"Feature","geometry":{"type":"Point","coordinates":[6.1441557,44.0431791]},"properties":{"commune":"Inconnue","numero":"26","type_hydrant":"pillar","etat":"Opérationnel"}},{"type":"Feature","geometry":{"type":"Point","coordinates":[6.1409946,44.04365]},"properties":{"commune":"Inconnue","numero":"27","type_hydrant":"pillar","etat":"Opérationnel"}},{"type":"Feature","geometry":{"type":"Point","coordinates":[6.1431474,44.0445396]},"properties":{"commune":"Inconnue","numero":"25","type_hydrant":"pillar","etat":"Opérationnel"}},{"type":"Feature","geometry":{"type":"Point","coordinates":[6.1457568,44.0455108]},"properties":{"commune":"Inconnue","numero":"24","type_hydrant":"pillar","etat":"Opérationnel"}},{"type":"Feature","geometry":{"type":"Point","coordinates":[6.1394131,44.0494615]},"properties":{"commune":"Inconnue","numero":"001021","type_hydrant":"pillar","etat":"Opérationnel"}},{"type":"Feature","geometry":{"type":"Point","coordinates":[6.1491456,44.0576887]},"properties":{"commune":"Inconnue","numero":"4371007998","type_hydrant":"pillar","etat":"Opérationnel"}},{"type":"Feature","geometry":{"type":"Point","coordinates":[6.1421212,44.0502832]},"properties":{"commune":"Inconnue","numero":"001001","type_hydrant":"pillar","etat":"Opérationnel"}},{"type":"Feature","geometry":{"type":"Point","coordinates":[6.1485459,44.0521124]},"properties":{"commune":"Inconnue","numero":"001013","type_hydrant":"pillar","etat":"Opérationnel"}},{"type":"Feature","geometry":{"type":"Point","coordinates":[6.2059051,44.0802592]},"properties":{"commune":"Inconnue","numero":"070281","type_hydrant":"pillar","etat":"Opérationnel"}},{"type":"Feature","geometry":{"type":"Point","coordinates":[5.7846992,43.8357066]},"properties":{"commune":"Inconnue","numero":"382","type_hydrant":"pillar","etat":"Opérationnel"}},{"type":"Feature","geometry":{"type":"Point","coordinates":[5.86103,44.2645347]},"properties":{"commune":"Inconnue","numero":"4437864417","type_hydrant":"pillar","etat":"Opérationnel"}},{"type":"Feature","geometry":{"type":"Point","coordinates":[6.6535411,44.3875132]},"properties":{"commune":"Inconnue","numero":"019003","type_hydrant":"pillar","etat":"Opérationnel"}},{"type":"Feature","geometry":{"type":"Point","coordinates":[6.652802,44.3875741]},"properties":{"commune":"Inconnue","numero":"019002","type_hydrant":"pillar","etat":"Opérationnel"}},{"type":"Feature","geometry":{"type":"Point","coordinates":[6.6519347,44.3859592]},"properties":{"commune":"Inconnue","numero":"4461907865","type_hydrant":"pillar","etat":"Opérationnel"}},{"type":"Feature","geometry":{"type":"Point","coordinates":[6.7446452,44.4577348]},"properties":{"commune":"Inconnue","numero":"4461908473","type_hydrant":"pillar","etat":"Opérationnel"}},{"type":"Feature","geometry":{"type":"Point","coordinates":[5.8053085,43.8311537]},"properties":{"commune":"Inconnue","numero":"112378","type_hydrant":"pillar","etat":"Opérationnel"}},{"type":"Feature","geometry":{"type":"Point","coordinates":[5.7785567,43.8240841]},"properties":{"commune":"Inconnue","numero":"350","type_hydrant":"pillar","etat":"Opérationnel"}},{"type":"Feature","geometry":{"type":"Point","coordinates":[6.6727558,43.9636261]},"properties":{"commune":"Inconnue","numero":"4500482738","type_hydrant":"PI","etat":"Opérationnel"}},{"type":"Feature","geometry":{"type":"Point","coordinates":[6.7425041,44.3121547]},"properties":{"commune":"Inconnue","numero":"4505178685","type_hydrant":"PI","etat":"Opérationnel"}},{"type":"Feature","geometry":{"type":"Point","coordinates":[5.8356171,44.0625979]},"properties":{"commune":"Inconnue","numero":"065009","type_hydrant":"pillar","etat":"Opérationnel"}},{"type":"Feature","geometry":{"type":"Point","coordinates":[6.2311737,44.1023248]},"properties":{"commune":"Inconnue","numero":"070017","type_hydrant":"pillar","etat":"Opérationnel"}},{"type":"Feature","geometry":{"type":"Point","coordinates":[5.7852242,43.8421203]},"properties":{"commune":"Inconnue","numero":"112095","type_hydrant":"pillar","etat":"Opérationnel"}},{"type":"Feature","geometry":{"type":"Point","coordinates":[5.7808709,43.9650805]},"properties":{"commune":"Inconnue","numero":"34","type_hydrant":"pillar","etat":"Opérationnel"}},{"type":"Feature","geometry":{"type":"Point","coordinates":[5.8074424,43.8291987]},"properties":{"commune":"Inconnue","numero":"112339","type_hydrant":"pillar","etat":"Opérationnel"}},{"type":"Feature","geometry":{"type":"Point","coordinates":[5.6363139,44.0348191]},"properties":{"commune":"Inconnue","numero":"4787594021","type_hydrant":"PI","etat":"Opérationnel"}},{"type":"Feature","geometry":{"type":"Point","coordinates":[6.3410887,43.7797404]},"properties":{"commune":"Inconnue","numero":"4841735989","type_hydrant":"pillar","etat":"Opérationnel"}},{"type":"Feature","geometry":{"type":"Point","coordinates":[5.8597927,44.2669382]},"properties":{"commune":"Inconnue","numero":"M3","type_hydrant":"pillar","etat":"Opérationnel"}},{"type":"Feature","geometry":{"type":"Point","coordinates":[5.7201017,43.8000278]},"properties":{"commune":"Inconnue","numero":"5001873587","type_hydrant":"PI","etat":"Opérationnel"}},{"type":"Feature","geometry":{"type":"Point","coordinates":[5.6964824,43.8337374]},"properties":{"commune":"Inconnue","numero":"128003","type_hydrant":"pillar","etat":"Opérationnel"}},{"type":"Feature","geometry":{"type":"Point","coordinates":[5.7505759,43.8258085]},"properties":{"commune":"Inconnue","numero":"8","type_hydrant":"PI","etat":"Opérationnel"}},{"type":"Feature","geometry":{"type":"Point","coordinates":[5.74442,43.8322737]},"properties":{"commune":"Inconnue","numero":"4","type_hydrant":"pillar","etat":"Opérationnel"}},{"type":"Feature","geometry":{"type":"Point","coordinates":[5.7486618,43.8274354]},"properties":{"commune":"Inconnue","numero":"152069","type_hydrant":"pillar","etat":"Opérationnel"}},{"type":"Feature","geometry":{"type":"Point","coordinates":[5.7439463,43.830456]},"properties":{"commune":"Inconnue","numero":"7","type_hydrant":"PI","etat":"Opérationnel"}},{"type":"Feature","geometry":{"type":"Point","coordinates":[5.7529631,43.8255718]},"properties":{"commune":"Inconnue","numero":"79","type_hydrant":"pillar","etat":"Opérationnel"}},{"type":"Feature","geometry":{"type":"Point","coordinates":[5.7530891,43.8273028]},"properties":{"commune":"Inconnue","numero":"5186142866","type_hydrant":"pillar","etat":"Opérationnel"}},{"type":"Feature","geometry":{"type":"Point","coordinates":[5.745635,43.8302204]},"properties":{"commune":"Inconnue","numero":"152003","type_hydrant":"pillar","etat":"Opérationnel"}},{"type":"Feature","geometry":{"type":"Point","coordinates":[5.7493388,43.8227805]},"properties":{"commune":"Inconnue","numero":"73","type_hydrant":"pillar","etat":"Opérationnel"}},{"type":"Feature","geometry":{"type":"Point","coordinates":[5.747678,43.8219676]},"properties":{"commune":"Inconnue","numero":"81","type_hydrant":"pillar","etat":"Opérationnel"}},{"type":"Feature","geometry":{"type":"Point","coordinates":[5.7474003,43.8214737]},"properties":{"commune":"Inconnue","numero":"17","type_hydrant":"pillar","etat":"Opérationnel"}},{"type":"Feature","geometry":{"type":"Point","coordinates":[5.7419416,43.8234161]},"properties":{"commune":"Inconnue","numero":"152061","type_hydrant":"pillar","etat":"Opérationnel"}},{"type":"Feature","geometry":{"type":"Point","coordinates":[5.7368994,43.8188343]},"properties":{"commune":"Inconnue","numero":"15214","type_hydrant":"pillar","etat":"Opérationnel"}},{"type":"Feature","geometry":{"type":"Point","coordinates":[5.741734,43.8192459]},"properties":{"commune":"Inconnue","numero":"152058","type_hydrant":"pillar","etat":"Opérationnel"}},{"type":"Feature","geometry":{"type":"Point","coordinates":[5.7437137,43.814524]},"properties":{"commune":"Inconnue","numero":"22","type_hydrant":"pillar","etat":"Opérationnel"}},{"type":"Feature","geometry":{"type":"Point","coordinates":[5.7443728,43.8123738]},"properties":{"commune":"Inconnue","numero":"26","type_hydrant":"pillar","etat":"Opérationnel"}},{"type":"Feature","geometry":{"type":"Point","coordinates":[5.7425116,43.8106399]},"properties":{"commune":"Inconnue","numero":"66","type_hydrant":"pillar","etat":"Opérationnel"}},{"type":"Feature","geometry":{"type":"Point","coordinates":[5.7449837,43.8060432]},"properties":{"commune":"Inconnue","numero":"152045","type_hydrant":"pillar","etat":"Opérationnel"}},{"type":"Feature","geometry":{"type":"Point","coordinates":[5.7475313,43.8071824]},"properties":{"commune":"Inconnue","numero":"152044","type_hydrant":"pillar","etat":"Opérationnel"}},{"type":"Feature","geometry":{"type":"Point","coordinates":[5.7511119,43.8092162]},"properties":{"commune":"Inconnue","numero":"34","type_hydrant":"pillar","etat":"Opérationnel"}},{"type":"Feature","geometry":{"type":"Point","coordinates":[5.7589685,43.7994514]},"properties":{"commune":"Inconnue","numero":"41","type_hydrant":"pillar","etat":"Opérationnel"}},{"type":"Feature","geometry":{"type":"Point","coordinates":[5.7608979,43.8027192]},"properties":{"commune":"Inconnue","numero":"39","type_hydrant":"pillar","etat":"Opérationnel"}},{"type":"Feature","geometry":{"type":"Point","coordinates":[5.7579641,43.8041712]},"properties":{"commune":"Inconnue","numero":"38","type_hydrant":"pillar","etat":"Opérationnel"}},{"type":"Feature","geometry":{"type":"Point","coordinates":[5.7547352,43.8063628]},"properties":{"commune":"Inconnue","numero":"37","type_hydrant":"pillar","etat":"Opérationnel"}},{"type":"Feature","geometry":{"type":"Point","coordinates":[5.7537659,43.8074398]},"properties":{"commune":"Inconnue","numero":"54","type_hydrant":"pillar","etat":"Opérationnel"}},{"type":"Feature","geometry":{"type":"Point","coordinates":[5.7537545,43.8082455]},"properties":{"commune":"Inconnue","numero":"36","type_hydrant":"pillar","etat":"Opérationnel"}},{"type":"Feature","geometry":{"type":"Point","coordinates":[5.7536073,43.8101988]},"properties":{"commune":"Inconnue","numero":"152075","type_hydrant":"pillar","etat":"Opérationnel"}},{"type":"Feature","geometry":{"type":"Point","coordinates":[5.7609954,43.8097423]},"properties":{"commune":"Inconnue","numero":"59","type_hydrant":"pillar","etat":"Opérationnel"}},{"type":"Feature","geometry":{"type":"Point","coordinates":[5.7601311,43.8082864]},"properties":{"commune":"Inconnue","numero":"35","type_hydrant":"pillar","etat":"Opérationnel"}},{"type":"Feature","geometry":{"type":"Point","coordinates":[5.7490084,43.8124633]},"properties":{"commune":"Inconnue","numero":"23","type_hydrant":"pillar","etat":"Opérationnel"}},{"type":"Feature","geometry":{"type":"Point","coordinates":[5.7479511,43.8155557]},"properties":{"commune":"Inconnue","numero":"55","type_hydrant":"pillar","etat":"Opérationnel"}},{"type":"Feature","geometry":{"type":"Point","coordinates":[5.740156,43.8104868]},"properties":{"commune":"Inconnue","numero":"27","type_hydrant":"pillar","etat":"Opérationnel"}},{"type":"Feature","geometry":{"type":"Point","coordinates":[5.7381738,43.8104854]},"properties":{"commune":"Inconnue","numero":"29","type_hydrant":"pillar","etat":"Opérationnel"}},{"type":"Feature","geometry":{"type":"Point","coordinates":[5.7424012,43.8118393]},"properties":{"commune":"Inconnue","numero":"152049","type_hydrant":"pillar","etat":"Opérationnel"}},{"type":"Feature","geometry":{"type":"Point","coordinates":[5.7395217,43.8150372]},"properties":{"commune":"Inconnue","numero":"15070","type_hydrant":"pillar","etat":"Opérationnel"}},{"type":"Feature","geometry":{"type":"Point","coordinates":[5.7477856,43.8113781]},"properties":{"commune":"Inconnue","numero":"152076","type_hydrant":"pillar","etat":"Opérationnel"}},{"type":"Feature","geometry":{"type":"Point","coordinates":[5.7635253,43.8374279]},"properties":{"commune":"Inconnue","numero":"355","type_hydrant":"pillar","etat":"Opérationnel"}},{"type":"Feature","geometry":{"type":"Point","coordinates":[5.746988,43.8305992]},"properties":{"commune":"Inconnue","numero":"7","type_hydrant":"pillar","etat":"Opérationnel"}},{"type":"Feature","geometry":{"type":"Point","coordinates":[5.7477719,43.8296834]},"properties":{"commune":"Inconnue","numero":"152004","type_hydrant":"pillar","etat":"Opérationnel"}},{"type":"Feature","geometry":{"type":"Point","coordinates":[5.749742,43.8285046]},"properties":{"commune":"Inconnue","numero":"9","type_hydrant":"pillar","etat":"Opérationnel"}},{"type":"Feature","geometry":{"type":"Point","coordinates":[5.7508787,43.8264181]},"properties":{"commune":"Inconnue","numero":"152006","type_hydrant":"pillar","etat":"Opérationnel"}},{"type":"Feature","geometry":{"type":"Point","coordinates":[5.7432476,43.8342068]},"properties":{"commune":"Inconnue","numero":"112005","type_hydrant":"pillar","etat":"Opérationnel"}},{"type":"Feature","geometry":{"type":"Point","coordinates":[5.7508055,43.8256556]},"properties":{"commune":"Inconnue","numero":"5188561017","type_hydrant":"pillar","etat":"Opérationnel"}},{"type":"Feature","geometry":{"type":"Point","coordinates":[5.7688693,43.8334289]},"properties":{"commune":"Inconnue","numero":"112356","type_hydrant":"pillar","etat":"Opérationnel"}},{"type":"Feature","geometry":{"type":"Point","coordinates":[5.7722794,43.8333508]},"properties":{"commune":"Inconnue","numero":"39","type_hydrant":"pillar","etat":"Opérationnel"}},{"type":"Feature","geometry":{"type":"Point","coordinates":[5.7701115,43.8305862]},"properties":{"commune":"Inconnue","numero":"67","type_hydrant":"pillar","etat":"Opérationnel"}},{"type":"Feature","geometry":{"type":"Point","coordinates":[5.7715882,43.8195886]},"properties":{"commune":"Inconnue","numero":"84","type_hydrant":"pillar","etat":"Opérationnel"}},{"type":"Feature","geometry":{"type":"Point","coordinates":[5.7733433,43.8228128]},"properties":{"commune":"Inconnue","numero":"81","type_hydrant":"pillar","etat":"Opérationnel"}},{"type":"Feature","geometry":{"type":"Point","coordinates":[5.7744546,43.8227621]},"properties":{"commune":"Inconnue","numero":"80","type_hydrant":"pillar","etat":"Opérationnel"}},{"type":"Feature","geometry":{"type":"Point","coordinates":[5.7775842,43.8227381]},"properties":{"commune":"Inconnue","numero":"112180","type_hydrant":"pillar","etat":"Opérationnel"}},{"type":"Feature","geometry":{"type":"Point","coordinates":[5.7759187,43.8205058]},"properties":{"commune":"Inconnue","numero":"86","type_hydrant":"pillar","etat":"Opérationnel"}},{"type":"Feature","geometry":{"type":"Point","coordinates":[5.7774263,43.8191696]},"properties":{"commune":"Inconnue","numero":"233","type_hydrant":"pillar","etat":"Opérationnel"}},{"type":"Feature","geometry":{"type":"Point","coordinates":[5.7748977,43.8178952]},"properties":{"commune":"Inconnue","numero":"112087","type_hydrant":"pillar","etat":"Opérationnel"}},{"type":"Feature","geometry":{"type":"Point","coordinates":[5.7787868,43.8179061]},"properties":{"commune":"Inconnue","numero":"358","type_hydrant":"pillar","etat":"Opérationnel"}},{"type":"Feature","geometry":{"type":"Point","coordinates":[5.777822,43.8160251]},"properties":{"commune":"Inconnue","numero":"357","type_hydrant":"pillar","etat":"Opérationnel"}},{"type":"Feature","geometry":{"type":"Point","coordinates":[5.7760216,43.8141283]},"properties":{"commune":"Inconnue","numero":"359","type_hydrant":"pillar","etat":"Opérationnel"}},{"type":"Feature","geometry":{"type":"Point","coordinates":[5.7894042,43.8186202]},"properties":{"commune":"Inconnue","numero":"112240","type_hydrant":"pillar","etat":"Opérationnel"}},{"type":"Feature","geometry":{"type":"Point","coordinates":[5.7898242,43.8199135]},"properties":{"commune":"Inconnue","numero":"238","type_hydrant":"pillar","etat":"Opérationnel"}},{"type":"Feature","geometry":{"type":"Point","coordinates":[5.7897269,43.8227152]},"properties":{"commune":"Inconnue","numero":"210","type_hydrant":"pillar","etat":"Opérationnel"}},{"type":"Feature","geometry":{"type":"Point","coordinates":[5.7525884,43.8362895]},"properties":{"commune":"Inconnue","numero":"6","type_hydrant":"pillar","etat":"Opérationnel"}},{"type":"Feature","geometry":{"type":"Point","coordinates":[5.7509964,43.828162]},"properties":{"commune":"Inconnue","numero":"112008","type_hydrant":"pillar","etat":"Opérationnel"}},{"type":"Feature","geometry":{"type":"Point","coordinates":[5.7659102,43.83531]},"properties":{"commune":"Inconnue","numero":"43","type_hydrant":"pillar","etat":"Opérationnel"}},{"type":"Feature","geometry":{"type":"Point","coordinates":[5.8850426,43.7586301]},"properties":{"commune":"Inconnue","numero":"5200280733","type_hydrant":"pillar","etat":"Opérationnel"}},{"type":"Feature","geometry":{"type":"Point","coordinates":[5.8865343,43.7583194]},"properties":{"commune":"Inconnue","numero":"4","type_hydrant":"pillar","etat":"Opérationnel"}},{"type":"Feature","geometry":{"type":"Point","coordinates":[5.8892629,43.7580367]},"properties":{"commune":"Inconnue","numero":"094047","type_hydrant":"pillar","etat":"Opérationnel"}},{"type":"Feature","geometry":{"type":"Point","coordinates":[5.7755363,43.8342733]},"properties":{"commune":"Inconnue","numero":"29","type_hydrant":"pillar","etat":"Opérationnel"}},{"type":"Feature","geometry":{"type":"Point","coordinates":[5.770196,43.8409712]},"properties":{"commune":"Inconnue","numero":"112016","type_hydrant":"pillar","etat":"Opérationnel"}},{"type":"Feature","geometry":{"type":"Point","coordinates":[6.0956295,44.0352238]},"properties":{"commune":"Inconnue","numero":"5213995873","type_hydrant":"pillar","etat":"Opérationnel"}},{"type":"Feature","geometry":{"type":"Point","coordinates":[5.763103,43.8411504]},"properties":{"commune":"Inconnue","numero":"323","type_hydrant":"pillar","etat":"Opérationnel"}},{"type":"Feature","geometry":{"type":"Point","coordinates":[5.7593685,43.8415426]},"properties":{"commune":"Inconnue","numero":"22","type_hydrant":"pillar","etat":"Opérationnel"}},{"type":"Feature","geometry":{"type":"Point","coordinates":[5.7644582,43.8420351]},"properties":{"commune":"Inconnue","numero":"112020","type_hydrant":"pillar","etat":"Opérationnel"}},{"type":"Feature","geometry":{"type":"Point","coordinates":[5.7663208,43.8419699]},"properties":{"commune":"Inconnue","numero":"19","type_hydrant":"pillar","etat":"Opérationnel"}},{"type":"Feature","geometry":{"type":"Point","coordinates":[5.8242698,43.8511711]},"properties":{"commune":"Inconnue","numero":"5214567091","type_hydrant":"pillar","etat":"Opérationnel"}},{"type":"Feature","geometry":{"type":"Point","coordinates":[6.2398965,44.0905819]},"properties":{"commune":"Digne les Bains","numero":"070262","type_hydrant":"pillar","etat":"Opérationnel"}},{"type":"Feature","geometry":{"type":"Point","coordinates":[6.2382105,44.0898061]},"properties":{"commune":"Digne-les-Bains","numero":"070061","type_hydrant":"pillar","etat":"Opérationnel"}},{"type":"Feature","geometry":{"type":"Point","coordinates":[5.75832,43.8135382]},"properties":{"commune":"Inconnue","numero":"5241274973","type_hydrant":"pillar","etat":"Opérationnel"}},{"type":"Feature","geometry":{"type":"Point","coordinates":[5.9076358,43.8979723]},"properties":{"commune":"Inconnue","numero":"143 032","type_hydrant":"pillar","etat":"Opérationnel"}},{"type":"Feature","geometry":{"type":"Point","coordinates":[5.7421444,43.8408907]},"properties":{"commune":"Inconnue","numero":"5273754321","type_hydrant":"pillar","etat":"Opérationnel"}},{"type":"Feature","geometry":{"type":"Point","coordinates":[6.3560291,44.3506922]},"properties":{"commune":"Inconnue","numero":"205099","type_hydrant":"pillar","etat":"Opérationnel"}},{"type":"Feature","geometry":{"type":"Point","coordinates":[5.8414796,43.8660742]},"properties":{"commune":"Inconnue","numero":"045 077","type_hydrant":"pillar","etat":"Opérationnel"}},{"type":"Feature","geometry":{"type":"Point","coordinates":[5.9329599,44.0241762]},"properties":{"commune":"Inconnue","numero":"149003","type_hydrant":"pillar","etat":"Opérationnel"}},{"type":"Feature","geometry":{"type":"Point","coordinates":[5.9345153,44.0245729]},"properties":{"commune":"Inconnue","numero":"194004","type_hydrant":"pillar","etat":"Opérationnel"}},{"type":"Feature","geometry":{"type":"Point","coordinates":[5.9385432,44.0265622]},"properties":{"commune":"Inconnue","numero":"5347492358","type_hydrant":"pillar","etat":"Opérationnel"}},{"type":"Feature","geometry":{"type":"Point","coordinates":[5.9450989,44.0331782]},"properties":{"commune":"Inconnue","numero":"149028","type_hydrant":"pillar","etat":"Opérationnel"}},{"type":"Feature","geometry":{"type":"Point","coordinates":[5.7768507,43.8395577]},"properties":{"commune":"Inconnue","numero":"373","type_hydrant":"pillar","etat":"Opérationnel"}},{"type":"Feature","geometry":{"type":"Point","coordinates":[5.8919395,43.9296334]},"properties":{"commune":"Inconnue","numero":"5383667872","type_hydrant":"pillar","etat":"Opérationnel"}},{"type":"Feature","geometry":{"type":"Point","coordinates":[5.8895516,43.9316616]},"properties":{"commune":"Inconnue","numero":"5383684076","type_hydrant":"pillar","etat":"Opérationnel"}},{"type":"Feature","geometry":{"type":"Point","coordinates":[5.9297789,44.323079]},"properties":{"commune":"Inconnue","numero":"216009","type_hydrant":"pillar","etat":"Opérationnel"}},{"type":"Feature","geometry":{"type":"Point","coordinates":[5.925085,44.3202713]},"properties":{"commune":"Inconnue","numero":"216008","type_hydrant":"pillar","etat":"Opérationnel"}},{"type":"Feature","geometry":{"type":"Point","coordinates":[5.843524,43.8719514]},"properties":{"commune":"Inconnue","numero":"245 057","type_hydrant":"pillar","etat":"Opérationnel"}},{"type":"Feature","geometry":{"type":"Point","coordinates":[5.8969745,43.7575223]},"properties":{"commune":"Inconnue","numero":"094049","type_hydrant":"pillar","etat":"Opérationnel"}},{"type":"Feature","geometry":{"type":"Point","coordinates":[6.3627172,44.5037986]},"properties":{"commune":"Inconnue","numero":"5713650894","type_hydrant":"PI","etat":"Opérationnel"}},{"type":"Feature","geometry":{"type":"Point","coordinates":[6.5982003,43.8120079]},"properties":{"commune":"Inconnue","numero":"5718220467","type_hydrant":"pillar","etat":"Opérationnel"}},{"type":"Feature","geometry":{"type":"Point","coordinates":[5.7358561,43.7996129]},"properties":{"commune":"Inconnue","numero":"5720893858","type_hydrant":"pillar","etat":"Opérationnel"}},{"type":"Feature","geometry":{"type":"Point","coordinates":[6.1055829,44.469744]},"properties":{"commune":"Inconnue","numero":"5726074079","type_hydrant":"pillar","etat":"Opérationnel"}},{"type":"Feature","geometry":{"type":"Point","coordinates":[6.0579153,44.3675822]},"properties":{"commune":"Inconnue","numero":"5726272322","type_hydrant":"pillar","etat":"Opérationnel"}},{"type":"Feature","geometry":{"type":"Point","coordinates":[6.0593744,44.3689843]},"properties":{"commune":"Inconnue","numero":"5726273137","type_hydrant":"pillar","etat":"Opérationnel"}},{"type":"Feature","geometry":{"type":"Point","coordinates":[5.7165324,44.0244907]},"properties":{"commune":"Inconnue","numero":"5765395125","type_hydrant":"pillar","etat":"Opérationnel"}},{"type":"Feature","geometry":{"type":"Point","coordinates":[5.7337663,44.0239512]},"properties":{"commune":"Inconnue","numero":"5765438793","type_hydrant":"pillar","etat":"Opérationnel"}},{"type":"Feature","geometry":{"type":"Point","coordinates":[5.7906988,43.8360901]},"properties":{"commune":"Inconnue","numero":"111","type_hydrant":"pillar","etat":"Opérationnel"}},{"type":"Feature","geometry":{"type":"Point","coordinates":[6.1338493,43.9203018]},"properties":{"commune":"Inconnue","numero":"5787507005","type_hydrant":"pillar","etat":"Opérationnel"}},{"type":"Feature","geometry":{"type":"Point","coordinates":[6.1705172,44.3984635]},"properties":{"commune":"Inconnue","numero":"5793944732","type_hydrant":"pillar","etat":"Opérationnel"}},{"type":"Feature","geometry":{"type":"Point","coordinates":[6.3581309,44.2371195]},"properties":{"commune":"Inconnue","numero":"5799327209","type_hydrant":"pillar","etat":"Opérationnel"}},{"type":"Feature","geometry":{"type":"Point","coordinates":[6.0398313,43.7026247]},"properties":{"commune":"Inconnue","numero":"5812533817","type_hydrant":"pillar","etat":"Opérationnel"}},{"type":"Feature","geometry":{"type":"Point","coordinates":[5.6621735,43.8801815]},"properties":{"commune":"Inconnue","numero":"160021","type_hydrant":"pillar","etat":"Opérationnel"}},{"type":"Feature","geometry":{"type":"Point","coordinates":[5.6163657,44.0101318]},"properties":{"commune":"Inconnue","numero":"5812824853","type_hydrant":"pillar","etat":"Opérationnel"}},{"type":"Feature","geometry":{"type":"Point","coordinates":[5.8849187,43.9290591]},"properties":{"commune":"Inconnue","numero":"034014","type_hydrant":"pillar","etat":"Opérationnel"}},{"type":"Feature","geometry":{"type":"Point","coordinates":[5.8907848,43.928164]},"properties":{"commune":"Inconnue","numero":"034004","type_hydrant":"pillar","etat":"Opérationnel"}},{"type":"Feature","geometry":{"type":"Point","coordinates":[6.2450208,44.0906256]},"properties":{"commune":"Inconnue","numero":"070063","type_hydrant":"pillar","etat":"Opérationnel"}},{"type":"Feature","geometry":{"type":"Point","coordinates":[6.2147097,44.0815804]},"properties":{"commune":"Inconnue","numero":"070105","type_hydrant":"pillar","etat":"Opérationnel"}},{"type":"Feature","geometry":{"type":"Point","coordinates":[6.2013154,44.0708753]},"properties":{"commune":"Inconnue","numero":"070194","type_hydrant":"pillar","etat":"Opérationnel"}},{"type":"Feature","geometry":{"type":"Point","coordinates":[6.1974187,44.0686361]},"properties":{"commune":"Inconnue","numero":"070192","type_hydrant":"pillar","etat":"Opérationnel"}},{"type":"Feature","geometry":{"type":"Point","coordinates":[6.1447027,44.1476204]},"properties":{"commune":"Inconnue","numero":"5832013015","type_hydrant":"PI","etat":"Opérationnel"}},{"type":"Feature","geometry":{"type":"Point","coordinates":[6.1502,44.1499966]},"properties":{"commune":"Inconnue","numero":"5832013018","type_hydrant":"pillar","etat":"Opérationnel"}},{"type":"Feature","geometry":{"type":"Point","coordinates":[5.7601848,43.785938]},"properties":{"commune":"Inconnue","numero":"N°10","type_hydrant":"PI","etat":"Opérationnel"}},{"type":"Feature","geometry":{"type":"Point","coordinates":[5.7613747,43.7865436]},"properties":{"commune":"Inconnue","numero":"5834403039","type_hydrant":"PI","etat":"Opérationnel"}},{"type":"Feature","geometry":{"type":"Point","coordinates":[5.771463,43.7919592]},"properties":{"commune":"Inconnue","numero":"60","type_hydrant":"pillar","etat":"Opérationnel"}},{"type":"Feature","geometry":{"type":"Point","coordinates":[6.1480055,44.1496071]},"properties":{"commune":"Inconnue","numero":"5837965524","type_hydrant":"PI","etat":"Opérationnel"}},{"type":"Feature","geometry":{"type":"Point","coordinates":[5.761582,43.7943896]},"properties":{"commune":"Inconnue","numero":"84","type_hydrant":"pillar","etat":"Opérationnel"}},{"type":"Feature","geometry":{"type":"Point","coordinates":[5.7623375,43.7876315]},"properties":{"commune":"Inconnue","numero":"57","type_hydrant":"pillar","etat":"Opérationnel"}},{"type":"Feature","geometry":{"type":"Point","coordinates":[5.7633904,43.787979]},"properties":{"commune":"Inconnue","numero":"5838488120","type_hydrant":"PI","etat":"Opérationnel"}},{"type":"Feature","geometry":{"type":"Point","coordinates":[5.7645931,43.787935]},"properties":{"commune":"Inconnue","numero":"55","type_hydrant":"pillar","etat":"Opérationnel"}},{"type":"Feature","geometry":{"type":"Point","coordinates":[6.0926316,43.8189151]},"properties":{"commune":"Inconnue","numero":"166009","type_hydrant":"pillar","etat":"Opérationnel"}},{"type":"Feature","geometry":{"type":"Point","coordinates":[5.8985495,43.767513]},"properties":{"commune":"Inconnue","numero":"6019602840","type_hydrant":"PI","etat":"Opérationnel"}},{"type":"Feature","geometry":{"type":"Point","coordinates":[5.8999868,43.7669814]},"properties":{"commune":"Inconnue","numero":"6019602841","type_hydrant":"PI","etat":"Opérationnel"}},{"type":"Feature","geometry":{"type":"Point","coordinates":[5.8998829,43.769477]},"properties":{"commune":"Inconnue","numero":"6019852240","type_hydrant":"PI","etat":"Opérationnel"}},{"type":"Feature","geometry":{"type":"Point","coordinates":[5.8991071,43.7682538]},"properties":{"commune":"Inconnue","numero":"6019852243","type_hydrant":"PI","etat":"Opérationnel"}},{"type":"Feature","geometry":{"type":"Point","coordinates":[6.2385997,44.0905969]},"properties":{"commune":"Digne-les-Bains","numero":"070060","type_hydrant":"pillar","etat":"Opérationnel"}},{"type":"Feature","geometry":{"type":"Point","coordinates":[6.2370117,44.0911009]},"properties":{"commune":"Inconnue","numero":"070058","type_hydrant":"pillar","etat":"Opérationnel"}},{"type":"Feature","geometry":{"type":"Point","coordinates":[6.2369917,44.091705]},"properties":{"commune":"Inconnue","numero":"070074","type_hydrant":"pillar","etat":"Opérationnel"}},{"type":"Feature","geometry":{"type":"Point","coordinates":[6.2385418,44.0921775]},"properties":{"commune":"Digne-les-Bains","numero":"070073","type_hydrant":"pillar","etat":"Opérationnel"}},{"type":"Feature","geometry":{"type":"Point","coordinates":[6.2400357,44.0918247]},"properties":{"commune":"Digne les Bains","numero":"070071","type_hydrant":"pillar","etat":"Opérationnel"}},{"type":"Feature","geometry":{"type":"Point","coordinates":[6.2401158,44.0897789]},"properties":{"commune":"Digne les Bains","numero":"070062","type_hydrant":"pillar","etat":"Opérationnel"}},{"type":"Feature","geometry":{"type":"Point","coordinates":[6.2363885,44.0901956]},"properties":{"commune":"Digne-les-Bains","numero":"070057","type_hydrant":"pillar","etat":"Opérationnel"}},{"type":"Feature","geometry":{"type":"Point","coordinates":[6.23413,44.090554]},"properties":{"commune":"Digne-les-Bains","numero":"070056","type_hydrant":"pillar","etat":"Opérationnel"}},{"type":"Feature","geometry":{"type":"Point","coordinates":[6.2330394,44.0908022]},"properties":{"commune":"Digne-les-Bains","numero":"070055","type_hydrant":"pillar","etat":"Opérationnel"}},{"type":"Feature","geometry":{"type":"Point","coordinates":[6.2319596,44.0908494]},"properties":{"commune":"Digne-les-Bains","numero":"070266","type_hydrant":"pillar","etat":"Opérationnel"}},{"type":"Feature","geometry":{"type":"Point","coordinates":[6.2319607,44.0923688]},"properties":{"commune":"Inconnue","numero":"07032","type_hydrant":"pillar","etat":"Opérationnel"}},{"type":"Feature","geometry":{"type":"Point","coordinates":[6.2362781,44.0930193]},"properties":{"commune":"Digne-les-Bains","numero":"070041","type_hydrant":"pillar","etat":"Opérationnel"}},{"type":"Feature","geometry":{"type":"Point","coordinates":[6.2355884,44.0927578]},"properties":{"commune":"Digne-les-Bains","numero":"070040","type_hydrant":"pillar","etat":"Opérationnel"}},{"type":"Feature","geometry":{"type":"Point","coordinates":[6.2368856,44.0939771]},"properties":{"commune":"Digne-les-Bains","numero":"070278","type_hydrant":"pillar","etat":"Opérationnel"}},{"type":"Feature","geometry":{"type":"Point","coordinates":[6.2382359,44.0940183]},"properties":{"commune":"Digne-les-Bains","numero":"070049","type_hydrant":"pillar","etat":"Opérationnel"}},{"type":"Feature","geometry":{"type":"Point","coordinates":[6.2411815,44.0954683]},"properties":{"commune":"Digne-les-Bains","numero":"070054","type_hydrant":"pillar","etat":"Opérationnel"}},{"type":"Feature","geometry":{"type":"Point","coordinates":[6.2384375,44.0962365]},"properties":{"commune":"Digne-les-Bains","numero":"070050","type_hydrant":"pillar","etat":"Opérationnel"}},{"type":"Feature","geometry":{"type":"Point","coordinates":[6.1885105,44.0778116]},"properties":{"commune":"Inconnue","numero":"070238","type_hydrant":"pillar","etat":"Opérationnel"}},{"type":"Feature","geometry":{"type":"Point","coordinates":[6.1902742,44.0779061]},"properties":{"commune":"Inconnue","numero":"070137","type_hydrant":"pillar","etat":"Opérationnel"}},{"type":"Feature","geometry":{"type":"Point","coordinates":[6.1907777,44.0771562]},"properties":{"commune":"Digne-les-Bains","numero":"070232","type_hydrant":"pillar","etat":"Opérationnel"}},{"type":"Feature","geometry":{"type":"Point","coordinates":[6.1877984,44.0763796]},"properties":{"commune":"Inconnue","numero":"070136","type_hydrant":"pillar","etat":"Opérationnel"}},{"type":"Feature","geometry":{"type":"Point","coordinates":[6.1896129,44.0763934]},"properties":{"commune":"Inconnue","numero":"070135","type_hydrant":"pillar","etat":"Opérationnel"}},{"type":"Feature","geometry":{"type":"Point","coordinates":[6.1868358,44.0759417]},"properties":{"commune":"Inconnue","numero":"070142","type_hydrant":"pillar","etat":"Opérationnel"}},{"type":"Feature","geometry":{"type":"Point","coordinates":[6.1849057,44.0765269]},"properties":{"commune":"Inconnue","numero":"070140","type_hydrant":"pillar","etat":"Opérationnel"}},{"type":"Feature","geometry":{"type":"Point","coordinates":[6.1843458,44.0753415]},"properties":{"commune":"Inconnue","numero":"070143","type_hydrant":"pillar","etat":"Opérationnel"}},{"type":"Feature","geometry":{"type":"Point","coordinates":[6.1843829,44.0740187]},"properties":{"commune":"Inconnue","numero":"070144","type_hydrant":"pillar","etat":"Opérationnel"}},{"type":"Feature","geometry":{"type":"Point","coordinates":[6.1922185,44.0773519]},"properties":{"commune":"Digne-les-Bains","numero":"070134","type_hydrant":"pillar","etat":"Opérationnel"}},{"type":"Feature","geometry":{"type":"Point","coordinates":[6.1931144,44.0778116]},"properties":{"commune":"Inconnue","numero":"070270","type_hydrant":"pillar","etat":"Opérationnel"}},{"type":"Feature","geometry":{"type":"Point","coordinates":[6.190783,44.0788926]},"properties":{"commune":"Inconnue","numero":"6027636268","type_hydrant":"pillar","etat":"Opérationnel"}},{"type":"Feature","geometry":{"type":"Point","coordinates":[6.193393,44.0795865]},"properties":{"commune":"Inconnue","numero":"070132","type_hydrant":"pillar","etat":"Opérationnel"}},{"type":"Feature","geometry":{"type":"Point","coordinates":[6.1953423,44.0782644]},"properties":{"commune":"Digne-les-Bains","numero":"070133","type_hydrant":"pillar","etat":"Opérationnel"}},{"type":"Feature","geometry":{"type":"Point","coordinates":[6.1977873,44.0790292]},"properties":{"commune":"Inconnue","numero":"070268","type_hydrant":"pillar","etat":"Opérationnel"}},{"type":"Feature","geometry":{"type":"Point","coordinates":[6.1992296,44.0800488]},"properties":{"commune":"Inconnue","numero":"070263","type_hydrant":"pillar","etat":"Opérationnel"}},{"type":"Feature","geometry":{"type":"Point","coordinates":[6.1951925,44.0808216]},"properties":{"commune":"Inconnue","numero":"070128","type_hydrant":"pillar","etat":"Opérationnel"}},{"type":"Feature","geometry":{"type":"Point","coordinates":[6.1970028,44.0812727]},"properties":{"commune":"Inconnue","numero":"070279","type_hydrant":"pillar","etat":"Opérationnel"}},{"type":"Feature","geometry":{"type":"Point","coordinates":[6.1990795,44.0814652]},"properties":{"commune":"Inconnue","numero":"070127","type_hydrant":"pillar","etat":"Opérationnel"}},{"type":"Feature","geometry":{"type":"Point","coordinates":[6.2007397,44.0822698]},"properties":{"commune":"Inconnue","numero":"070126","type_hydrant":"pillar","etat":"Opérationnel"}},{"type":"Feature","geometry":{"type":"Point","coordinates":[6.202167,44.0830476]},"properties":{"commune":"Inconnue","numero":"070125","type_hydrant":"pillar","etat":"Opérationnel"}},{"type":"Feature","geometry":{"type":"Point","coordinates":[6.2056547,44.0845662]},"properties":{"commune":"Inconnue","numero":"070237","type_hydrant":"pillar","etat":"Opérationnel"}},{"type":"Feature","geometry":{"type":"Point","coordinates":[6.204737,44.0843501]},"properties":{"commune":"Inconnue","numero":"070233","type_hydrant":"pillar","etat":"Opérationnel"}},{"type":"Feature","geometry":{"type":"Point","coordinates":[6.2055043,44.0838449]},"properties":{"commune":"Digne les Bains","numero":"070130","type_hydrant":"pillar","etat":"Opérationnel"}},{"type":"Feature","geometry":{"type":"Point","coordinates":[6.2062232,44.0827301]},"properties":{"commune":"Digne les Bains","numero":"070131","type_hydrant":"pillar","etat":"Opérationnel"}},{"type":"Feature","geometry":{"type":"Point","coordinates":[6.2106764,44.0855256]},"properties":{"commune":"Digne-les-Bains","numero":"070113","type_hydrant":"pillar","etat":"Opérationnel"}},{"type":"Feature","geometry":{"type":"Point","coordinates":[6.213863,44.0866621]},"properties":{"commune":"Inconnue","numero":"070112","type_hydrant":"pillar","etat":"Opérationnel"}},{"type":"Feature","geometry":{"type":"Point","coordinates":[6.2365983,44.0922456]},"properties":{"commune":"Digne-les-Bains","numero":"070047","type_hydrant":"pillar","etat":"Opérationnel"}},{"type":"Feature","geometry":{"type":"Point","coordinates":[6.2343688,44.0966397]},"properties":{"commune":"Digne-les-Bains","numero":"070036","type_hydrant":"pillar","etat":"Opérationnel"}},{"type":"Feature","geometry":{"type":"Point","coordinates":[6.2336875,44.1026595]},"properties":{"commune":"Digne-les-Bains","numero":"070020","type_hydrant":"pillar","etat":"Opérationnel"}},{"type":"Feature","geometry":{"type":"Point","coordinates":[6.231619,44.1052752]},"properties":{"commune":"Inconnue","numero":"070016","type_hydrant":"pillar","etat":"Opérationnel"}},{"type":"Feature","geometry":{"type":"Point","coordinates":[6.2357775,44.1012757]},"properties":{"commune":"Inconnue","numero":"6044422823","type_hydrant":"pillar","etat":"Opérationnel"}},{"type":"Feature","geometry":{"type":"Point","coordinates":[6.2306683,44.0999066]},"properties":{"commune":"Digne-les-Bains","numero":"070255","type_hydrant":"pillar","etat":"Opérationnel"}},{"type":"Feature","geometry":{"type":"Point","coordinates":[6.2326866,44.1095963]},"properties":{"commune":"Inconnue","numero":"070011","type_hydrant":"pillar","etat":"Opérationnel"}},{"type":"Feature","geometry":{"type":"Point","coordinates":[6.2338418,44.1226227]},"properties":{"commune":"Digne-les-Bains","numero":"070002","type_hydrant":"pillar","etat":"Opérationnel"}},{"type":"Feature","geometry":{"type":"Point","coordinates":[6.2356629,44.0947014]},"properties":{"commune":"Digne-les-Bains","numero":"070038","type_hydrant":"pillar","etat":"Opérationnel"}},{"type":"Feature","geometry":{"type":"Point","coordinates":[6.2332785,44.0980319]},"properties":{"commune":"Digne-les-Bains","numero":"070028","type_hydrant":"pillar","etat":"Opérationnel"}},{"type":"Feature","geometry":{"type":"Point","coordinates":[6.2326171,44.0988838]},"properties":{"commune":"Digne-les-Bains","numero":"070027","type_hydrant":"pillar","etat":"Opérationnel"}},{"type":"Feature","geometry":{"type":"Point","coordinates":[6.2310694,44.100921]},"properties":{"commune":"Digne-les-Bains","numero":"070026","type_hydrant":"pillar","etat":"Opérationnel"}},{"type":"Feature","geometry":{"type":"Point","coordinates":[6.2337092,44.1050118]},"properties":{"commune":"Inconnue","numero":"070018","type_hydrant":"pillar","etat":"Opérationnel"}},{"type":"Feature","geometry":{"type":"Point","coordinates":[6.2356895,44.1044327]},"properties":{"commune":"Digne-les-Bains","numero":"070019","type_hydrant":"pillar","etat":"Opérationnel"}},{"type":"Feature","geometry":{"type":"Point","coordinates":[6.2341636,44.107255]},"properties":{"commune":"Digne-les-Bains","numero":"070015","type_hydrant":"pillar","etat":"Opérationnel"}},{"type":"Feature","geometry":{"type":"Point","coordinates":[6.2307889,44.1065458]},"properties":{"commune":"Digne-les-Bains","numero":"070231","type_hydrant":"pillar","etat":"Opérationnel"}},{"type":"Feature","geometry":{"type":"Point","coordinates":[6.2308718,44.1072223]},"properties":{"commune":"Digne-les-Bains","numero":"070254","type_hydrant":"pillar","etat":"Opérationnel"}},{"type":"Feature","geometry":{"type":"Point","coordinates":[6.2304317,44.1075844]},"properties":{"commune":"Digne-les-Bains","numero":"070013","type_hydrant":"pillar","etat":"Opérationnel"}},{"type":"Feature","geometry":{"type":"Point","coordinates":[6.2338237,44.1085654]},"properties":{"commune":"Digne-les-Bains","numero":"070012","type_hydrant":"pillar","etat":"Opérationnel"}},{"type":"Feature","geometry":{"type":"Point","coordinates":[6.2323837,44.1143822]},"properties":{"commune":"Digne-les-Bains","numero":"070005","type_hydrant":"pillar","etat":"Opérationnel"}},{"type":"Feature","geometry":{"type":"Point","coordinates":[6.230239,44.1144744]},"properties":{"commune":"Digne-les-Bains","numero":"070006","type_hydrant":"pillar","etat":"Opérationnel"}},{"type":"Feature","geometry":{"type":"Point","coordinates":[6.2310633,44.1132247]},"properties":{"commune":"Inconnue","numero":"070010","type_hydrant":"pillar","etat":"Opérationnel"}},{"type":"Feature","geometry":{"type":"Point","coordinates":[6.2291705,44.1131758]},"properties":{"commune":"Inconnue","numero":"070008","type_hydrant":"pillar","etat":"Opérationnel"}},{"type":"Feature","geometry":{"type":"Point","coordinates":[6.2305918,44.1124005]},"properties":{"commune":"Digne-les-Bains","numero":"070009","type_hydrant":"pillar","etat":"Opérationnel"}},{"type":"Feature","geometry":{"type":"Point","coordinates":[6.3534616,44.1763569]},"properties":{"commune":"Inconnue","numero":"097007","type_hydrant":"PI","etat":"Opérationnel"}},{"type":"Feature","geometry":{"type":"Point","coordinates":[6.350481,44.1745139]},"properties":{"commune":"Inconnue","numero":"097016","type_hydrant":"pillar","etat":"Opérationnel"}},{"type":"Feature","geometry":{"type":"Point","coordinates":[6.3509784,44.1736305]},"properties":{"commune":"Inconnue","numero":"097009","type_hydrant":"pillar","etat":"Opérationnel"}},{"type":"Feature","geometry":{"type":"Point","coordinates":[6.3472378,44.1772171]},"properties":{"commune":"Inconnue","numero":"097006","type_hydrant":"PI","etat":"Opérationnel"}},{"type":"Feature","geometry":{"type":"Point","coordinates":[6.3439277,44.1815656]},"properties":{"commune":"Inconnue","numero":"097003","type_hydrant":"PI","etat":"Opérationnel"}},{"type":"Feature","geometry":{"type":"Point","coordinates":[6.3388162,44.178393]},"properties":{"commune":"Inconnue","numero":"097004","type_hydrant":"PI","etat":"Opérationnel"}},{"type":"Feature","geometry":{"type":"Point","coordinates":[6.3455862,44.1719907]},"properties":{"commune":"Inconnue","numero":"097012","type_hydrant":"pillar","etat":"Opérationnel"}},{"type":"Feature","geometry":{"type":"Point","coordinates":[6.3458746,44.1720891]},"properties":{"commune":"Inconnue","numero":"097015","type_hydrant":"pillar","etat":"Opérationnel"}},{"type":"Feature","geometry":{"type":"Point","coordinates":[6.2333339,44.0886436]},"properties":{"commune":"Digne-les-Bains","numero":"070163","type_hydrant":"pillar","etat":"Opérationnel"}},{"type":"Feature","geometry":{"type":"Point","coordinates":[6.2321482,44.0893686]},"properties":{"commune":"Digne-les-Bains","numero":"070162","type_hydrant":"pillar","etat":"Opérationnel"}},{"type":"Feature","geometry":{"type":"Point","coordinates":[6.2310066,44.0866639]},"properties":{"commune":"Digne-Les-Bains","numero":"070164","type_hydrant":"pillar","etat":"Opérationnel"}},{"type":"Feature","geometry":{"type":"Point","coordinates":[6.2284506,44.0852773]},"properties":{"commune":"Digne-les-Bains","numero":"070165","type_hydrant":"pillar","etat":"Opérationnel"}},{"type":"Feature","geometry":{"type":"Point","coordinates":[6.2239974,44.0832402]},"properties":{"commune":"Digne-les-Bains","numero":"6122937689","type_hydrant":"pillar","etat":"Opérationnel"}},{"type":"Feature","geometry":{"type":"Point","coordinates":[6.2214181,44.0824446]},"properties":{"commune":"Digne-les-Bains","numero":"6122937690","type_hydrant":"pillar","etat":"Opérationnel"}},{"type":"Feature","geometry":{"type":"Point","coordinates":[6.2192592,44.0837115]},"properties":{"commune":"Inconnue","numero":"070091","type_hydrant":"pillar","etat":"Opérationnel"}},{"type":"Feature","geometry":{"type":"Point","coordinates":[6.2189024,44.0839388]},"properties":{"commune":"Digne-les-Bains","numero":"070092","type_hydrant":"pillar","etat":"Opérationnel"}},{"type":"Feature","geometry":{"type":"Point","coordinates":[6.2184361,44.0832676]},"properties":{"commune":"Inconnue","numero":"070272","type_hydrant":"underground","etat":"Opérationnel"}},{"type":"Feature","geometry":{"type":"Point","coordinates":[6.2167539,44.0828502]},"properties":{"commune":"Digne-les-Bains","numero":"070104","type_hydrant":"pillar","etat":"Opérationnel"}},{"type":"Feature","geometry":{"type":"Point","coordinates":[6.3564845,44.350013]},"properties":{"commune":"Inconnue","numero":"205102","type_hydrant":"pillar","etat":"Opérationnel"}},{"type":"Feature","geometry":{"type":"Point","coordinates":[6.3563815,44.3491972]},"properties":{"commune":"Inconnue","numero":"6131121338","type_hydrant":"pillar","etat":"Opérationnel"}},{"type":"Feature","geometry":{"type":"Point","coordinates":[6.3573195,44.3494878]},"properties":{"commune":"Inconnue","numero":"6131121340","type_hydrant":"pillar","etat":"Opérationnel"}},{"type":"Feature","geometry":{"type":"Point","coordinates":[6.3587634,44.3524653]},"properties":{"commune":"Inconnue","numero":"205111","type_hydrant":"pillar","etat":"Opérationnel"}},{"type":"Feature","geometry":{"type":"Point","coordinates":[6.3588301,44.3519565]},"properties":{"commune":"Inconnue","numero":"205078","type_hydrant":"pillar","etat":"Opérationnel"}},{"type":"Feature","geometry":{"type":"Point","coordinates":[5.8977917,44.0662973]},"properties":{"commune":"Inconnue","numero":"109001","type_hydrant":"pillar","etat":"Opérationnel"}},{"type":"Feature","geometry":{"type":"Point","coordinates":[6.2052029,44.1054562]},"properties":{"commune":"Inconnue","numero":"070258","type_hydrant":"PI","etat":"Opérationnel"}},{"type":"Feature","geometry":{"type":"Point","coordinates":[6.6574292,44.387874]},"properties":{"commune":"Inconnue","numero":"6163921277","type_hydrant":"pillar","etat":"Opérationnel"}},{"type":"Feature","geometry":{"type":"Point","coordinates":[6.6605416,44.3882105]},"properties":{"commune":"Barcelonnette","numero":"6163921278","type_hydrant":"pillar","etat":"Opérationnel"}},{"type":"Feature","geometry":{"type":"Point","coordinates":[6.666207,44.3895803]},"properties":{"commune":"Inconnue","numero":"6163955864","type_hydrant":"pillar","etat":"Opérationnel"}},{"type":"Feature","geometry":{"type":"Point","coordinates":[6.6674016,44.3899674]},"properties":{"commune":"Inconnue","numero":"6163955865","type_hydrant":"pillar","etat":"Opérationnel"}},{"type":"Feature","geometry":{"type":"Point","coordinates":[6.6547483,44.3865831]},"properties":{"commune":"Inconnue","numero":"019011","type_hydrant":"pillar","etat":"Opérationnel"}},{"type":"Feature","geometry":{"type":"Point","coordinates":[6.6544315,44.3851474]},"properties":{"commune":"Inconnue","numero":"6163957002","type_hydrant":"pillar","etat":"Opérationnel"}},{"type":"Feature","geometry":{"type":"Point","coordinates":[6.6504853,44.3867107]},"properties":{"commune":"Inconnue","numero":"019001","type_hydrant":"pillar","etat":"Opérationnel"}},{"type":"Feature","geometry":{"type":"Point","coordinates":[6.6497403,44.3871464]},"properties":{"commune":"Barcelonnette","numero":"019013","type_hydrant":"pillar","etat":"Opérationnel"}},{"type":"Feature","geometry":{"type":"Point","coordinates":[6.6412412,44.0040371]},"properties":{"commune":"Inconnue","numero":"6165890984","type_hydrant":"PI","etat":"Opérationnel"}},{"type":"Feature","geometry":{"type":"Point","coordinates":[6.6423089,44.0032136]},"properties":{"commune":"Inconnue","numero":"6165895785","type_hydrant":"pillar","etat":"Opérationnel"}},{"type":"Feature","geometry":{"type":"Point","coordinates":[6.6423213,44.0022918]},"properties":{"commune":"Inconnue","numero":"6165938131","type_hydrant":"pillar","etat":"Opérationnel"}},{"type":"Feature","geometry":{"type":"Point","coordinates":[5.982683,43.8349636]},"properties":{"commune":"Inconnue","numero":"230003","type_hydrant":"pillar","etat":"Opérationnel"}},{"type":"Feature","geometry":{"type":"Point","coordinates":[6.0367574,43.6984397]},"properties":{"commune":"Inconnue","numero":"6166284896","type_hydrant":"pillar","etat":"Opérationnel"}},{"type":"Feature","geometry":{"type":"Point","coordinates":[6.2351587,44.0909711]},"properties":{"commune":"Digne-les-Bains","numero":"070059","type_hydrant":"pillar","etat":"Opérationnel"}},{"type":"Feature","geometry":{"type":"Point","coordinates":[6.2306005,44.0914665]},"properties":{"commune":"Inconnue","numero":"07031","type_hydrant":"pillar","etat":"Opérationnel"}},{"type":"Feature","geometry":{"type":"Point","coordinates":[6.2333151,44.0930657]},"properties":{"commune":"Digne-les-Bains","numero":"070035","type_hydrant":"pillar","etat":"Opérationnel"}},{"type":"Feature","geometry":{"type":"Point","coordinates":[6.2313661,44.0942701]},"properties":{"commune":"Digne-les-Bains","numero":"07033","type_hydrant":"pillar","etat":"Opérationnel"}},{"type":"Feature","geometry":{"type":"Point","coordinates":[6.2380681,44.0930393]},"properties":{"commune":"Inconnue","numero":"070228","type_hydrant":"pillar","etat":"Opérationnel"}},{"type":"Feature","geometry":{"type":"Point","coordinates":[6.2411664,44.0969169]},"properties":{"commune":"Inconnue","numero":"070051","type_hydrant":"pillar","etat":"Opérationnel"}},{"type":"Feature","geometry":{"type":"Point","coordinates":[6.2420407,44.0972293]},"properties":{"commune":"Inconnue","numero":"070260","type_hydrant":"pillar","etat":"Opérationnel"}},{"type":"Feature","geometry":{"type":"Point","coordinates":[6.2427641,44.0974912]},"properties":{"commune":"Inconnue","numero":"070261","type_hydrant":"pillar","etat":"Opérationnel"}},{"type":"Feature","geometry":{"type":"Point","coordinates":[6.2395323,44.0969719]},"properties":{"commune":"Inconnue","numero":"070264","type_hydrant":"pillar","etat":"Opérationnel"}},{"type":"Feature","geometry":{"type":"Point","coordinates":[6.2323174,44.0962936]},"properties":{"commune":"Inconnue","numero":"070029","type_hydrant":"pillar","etat":"Opérationnel"}},{"type":"Feature","geometry":{"type":"Point","coordinates":[6.2302589,44.1140711]},"properties":{"commune":"Inconnue","numero":"070007","type_hydrant":"pillar","etat":"Opérationnel"}},{"type":"Feature","geometry":{"type":"Point","coordinates":[6.2282997,44.0838953]},"properties":{"commune":"Inconnue","numero":"070167","type_hydrant":"pillar","etat":"Opérationnel"}},{"type":"Feature","geometry":{"type":"Point","coordinates":[6.2282857,44.0833395]},"properties":{"commune":"Inconnue","numero":"070166","type_hydrant":"pillar","etat":"Opérationnel"}},{"type":"Feature","geometry":{"type":"Point","coordinates":[6.177081,44.070383]},"properties":{"commune":"Inconnue","numero":"070146","type_hydrant":"pillar","etat":"Opérationnel"}},{"type":"Feature","geometry":{"type":"Point","coordinates":[6.1757653,44.0692053]},"properties":{"commune":"Inconnue","numero":"070220","type_hydrant":"pillar","etat":"Opérationnel"}},{"type":"Feature","geometry":{"type":"Point","coordinates":[6.1757478,44.0687949]},"properties":{"commune":"Inconnue","numero":"070219","type_hydrant":"pillar","etat":"Opérationnel"}},{"type":"Feature","geometry":{"type":"Point","coordinates":[6.1757033,44.0698716]},"properties":{"commune":"Inconnue","numero":"070241","type_hydrant":"pillar","etat":"Opérationnel"}},{"type":"Feature","geometry":{"type":"Point","coordinates":[6.1757082,44.0708824]},"properties":{"commune":"Inconnue","numero":"070216","type_hydrant":"pillar","etat":"Opérationnel"}},{"type":"Feature","geometry":{"type":"Point","coordinates":[6.1740389,44.0709187]},"properties":{"commune":"Inconnue","numero":"070239","type_hydrant":"pillar","etat":"Opérationnel"}},{"type":"Feature","geometry":{"type":"Point","coordinates":[6.1747883,44.0726528]},"properties":{"commune":"Inconnue","numero":"070149","type_hydrant":"pillar","etat":"Opérationnel"}},{"type":"Feature","geometry":{"type":"Point","coordinates":[6.1723827,44.0742179]},"properties":{"commune":"Inconnue","numero":"070150","type_hydrant":"pillar","etat":"Opérationnel"}},{"type":"Feature","geometry":{"type":"Point","coordinates":[6.1702074,44.0724621]},"properties":{"commune":"Inconnue","numero":"070148","type_hydrant":"pillar","etat":"Opérationnel"}},{"type":"Feature","geometry":{"type":"Point","coordinates":[6.1774624,44.0696054]},"properties":{"commune":"Inconnue","numero":"070147","type_hydrant":"pillar","etat":"Opérationnel"}},{"type":"Feature","geometry":{"type":"Point","coordinates":[6.1764157,44.0678916]},"properties":{"commune":"Inconnue","numero":"070274","type_hydrant":"pillar","etat":"Opérationnel"}},{"type":"Feature","geometry":{"type":"Point","coordinates":[6.2040436,44.0809242]},"properties":{"commune":"Digne les Bains","numero":"070236","type_hydrant":"pillar","etat":"Opérationnel"}},{"type":"Feature","geometry":{"type":"Point","coordinates":[6.2077304,44.0860081]},"properties":{"commune":"Inconnue","numero":"070116","type_hydrant":"pillar","etat":"Opérationnel"}},{"type":"Feature","geometry":{"type":"Point","coordinates":[6.2063335,44.0863901]},"properties":{"commune":"Inconnue","numero":"070117","type_hydrant":"pillar","etat":"Opérationnel"}},{"type":"Feature","geometry":{"type":"Point","coordinates":[6.209564,44.0863325]},"properties":{"commune":"Inconnue","numero":"070275","type_hydrant":"pillar","etat":"Opérationnel"}},{"type":"Feature","geometry":{"type":"Point","coordinates":[6.211862,44.0864566]},"properties":{"commune":"Inconnue","numero":"070115","type_hydrant":"pillar","etat":"Opérationnel"}},{"type":"Feature","geometry":{"type":"Point","coordinates":[6.2106088,44.0835394]},"properties":{"commune":"Inconnue","numero":"070110","type_hydrant":"pillar","etat":"Opérationnel"}},{"type":"Feature","geometry":{"type":"Point","coordinates":[6.2106903,44.081699]},"properties":{"commune":"Inconnue","numero":"070109","type_hydrant":"pillar","etat":"Opérationnel"}},{"type":"Feature","geometry":{"type":"Point","coordinates":[6.2104418,44.0811096]},"properties":{"commune":"Inconnue","numero":"070108","type_hydrant":"pillar","etat":"Opérationnel"}},{"type":"Feature","geometry":{"type":"Point","coordinates":[6.2087795,44.0803555]},"properties":{"commune":"Inconnue","numero":"070107","type_hydrant":"pillar","etat":"Opérationnel"}},{"type":"Feature","geometry":{"type":"Point","coordinates":[6.2092761,44.0818918]},"properties":{"commune":"Inconnue","numero":"070114","type_hydrant":"pillar","etat":"Opérationnel"}},{"type":"Feature","geometry":{"type":"Point","coordinates":[6.211778,44.0822133]},"properties":{"commune":"Inconnue","numero":"070111","type_hydrant":"pillar","etat":"Opérationnel"}},{"type":"Feature","geometry":{"type":"Point","coordinates":[6.2116215,44.0810878]},"properties":{"commune":"Inconnue","numero":"070106","type_hydrant":"pillar","etat":"Opérationnel"}},{"type":"Feature","geometry":{"type":"Point","coordinates":[6.2164381,44.0844261]},"properties":{"commune":"Inconnue","numero":"070103","type_hydrant":"pillar","etat":"Opérationnel"}},{"type":"Feature","geometry":{"type":"Point","coordinates":[6.2136902,44.0840642]},"properties":{"commune":"Inconnue","numero":"070100","type_hydrant":"pillar","etat":"Opérationnel"}},{"type":"Feature","geometry":{"type":"Point","coordinates":[6.213163,44.0838132]},"properties":{"commune":"Inconnue","numero":"070102","type_hydrant":"pillar","etat":"Opérationnel"}},{"type":"Feature","geometry":{"type":"Point","coordinates":[6.2138083,44.0832117]},"properties":{"commune":"Inconnue","numero":"070101","type_hydrant":"pillar","etat":"Opérationnel"}},{"type":"Feature","geometry":{"type":"Point","coordinates":[6.1959653,44.0800185]},"properties":{"commune":"Inconnue","numero":"070129","type_hydrant":"pillar","etat":"Opérationnel"}},{"type":"Feature","geometry":{"type":"Point","coordinates":[6.2154451,44.0901391]},"properties":{"commune":"Inconnue","numero":"070022","type_hydrant":"pillar","etat":"Opérationnel"}},{"type":"Feature","geometry":{"type":"Point","coordinates":[6.218768,44.0901454]},"properties":{"commune":"Inconnue","numero":"070023","type_hydrant":"pillar","etat":"Opérationnel"}},{"type":"Feature","geometry":{"type":"Point","coordinates":[6.2286756,44.0863063]},"properties":{"commune":"Digne-les-Bains","numero":"070215","type_hydrant":"pillar","etat":"Opérationnel"}},{"type":"Feature","geometry":{"type":"Point","coordinates":[6.7506886,44.5156823]},"properties":{"commune":"Inconnue","numero":"193001","type_hydrant":"pillar","etat":"Opérationnel"}},{"type":"Feature","geometry":{"type":"Point","coordinates":[6.7525503,44.5152669]},"properties":{"commune":"Inconnue","numero":"193003","type_hydrant":"pillar","etat":"Opérationnel"}},{"type":"Feature","geometry":{"type":"Point","coordinates":[6.7510443,44.5148597]},"properties":{"commune":"Inconnue","numero":"193002","type_hydrant":"pillar","etat":"Opérationnel"}},{"type":"Feature","geometry":{"type":"Point","coordinates":[6.3566978,44.5022422]},"properties":{"commune":"Inconnue","numero":"154012","type_hydrant":"PI","etat":"Opérationnel"}},{"type":"Feature","geometry":{"type":"Point","coordinates":[6.3617862,44.5065412]},"properties":{"commune":"Inconnue","numero":"6411872304","type_hydrant":"pillar","etat":"Opérationnel"}},{"type":"Feature","geometry":{"type":"Point","coordinates":[6.3629563,44.5059212]},"properties":{"commune":"Inconnue","numero":"6411938302","type_hydrant":"pillar","etat":"Opérationnel"}},{"type":"Feature","geometry":{"type":"Point","coordinates":[6.3582092,44.5035236]},"properties":{"commune":"Inconnue","numero":"154002","type_hydrant":"pillar","etat":"Opérationnel"}},{"type":"Feature","geometry":{"type":"Point","coordinates":[5.7336416,44.0274791]},"properties":{"commune":"Inconnue","numero":"6412400177","type_hydrant":"PI","etat":"Opérationnel"}},{"type":"Feature","geometry":{"type":"Point","coordinates":[5.7197464,44.0334533]},"properties":{"commune":"Inconnue","numero":"6412422444","type_hydrant":"PI","etat":"Opérationnel"}},{"type":"Feature","geometry":{"type":"Point","coordinates":[5.7119841,44.05352]},"properties":{"commune":"Inconnue","numero":"6412443755","type_hydrant":"pillar","etat":"Opérationnel"}},{"type":"Feature","geometry":{"type":"Point","coordinates":[5.9112804,44.2345732]},"properties":{"commune":"Inconnue","numero":"6480175276","type_hydrant":"PI","etat":"Opérationnel"}},{"type":"Feature","geometry":{"type":"Point","coordinates":[5.7772133,43.8320738]},"properties":{"commune":"Inconnue","numero":"32","type_hydrant":"pillar","etat":"Opérationnel"}},{"type":"Feature","geometry":{"type":"Point","coordinates":[5.7768814,43.8325895]},"properties":{"commune":"Inconnue","numero":"31","type_hydrant":"pillar","etat":"Opérationnel"}},{"type":"Feature","geometry":{"type":"Point","coordinates":[5.7764085,43.8358515]},"properties":{"commune":"Inconnue","numero":"28","type_hydrant":"pillar","etat":"Opérationnel"}},{"type":"Feature","geometry":{"type":"Point","coordinates":[5.7743333,43.8322884]},"properties":{"commune":"Inconnue","numero":"6486034424","type_hydrant":"pillar","etat":"Opérationnel"}},{"type":"Feature","geometry":{"type":"Point","coordinates":[5.7724212,43.8327356]},"properties":{"commune":"Inconnue","numero":"37","type_hydrant":"pillar","etat":"Opérationnel"}},{"type":"Feature","geometry":{"type":"Point","coordinates":[5.7685749,43.836091]},"properties":{"commune":"Inconnue","numero":"42","type_hydrant":"pillar","etat":"Opérationnel"}},{"type":"Feature","geometry":{"type":"Point","coordinates":[5.7785621,43.8327989]},"properties":{"commune":"Inconnue","numero":"6488447424","type_hydrant":"pillar","etat":"Opérationnel"}},{"type":"Feature","geometry":{"type":"Point","coordinates":[5.7753517,43.8324844]},"properties":{"commune":"Inconnue","numero":"36","type_hydrant":"pillar","etat":"Opérationnel"}},{"type":"Feature","geometry":{"type":"Point","coordinates":[5.7793657,43.8287313]},"properties":{"commune":"Inconnue","numero":"6488447427","type_hydrant":"pillar","etat":"Opérationnel"}},{"type":"Feature","geometry":{"type":"Point","coordinates":[5.779929,43.8283358]},"properties":{"commune":"Inconnue","numero":"172","type_hydrant":"pillar","etat":"Opérationnel"}},{"type":"Feature","geometry":{"type":"Point","coordinates":[5.8127789,43.8173119]},"properties":{"commune":"Inconnue","numero":"112290","type_hydrant":"pillar","etat":"Opérationnel"}},{"type":"Feature","geometry":{"type":"Point","coordinates":[5.7804366,43.8288486]},"properties":{"commune":"Inconnue","numero":"169","type_hydrant":"pillar","etat":"Opérationnel"}},{"type":"Feature","geometry":{"type":"Point","coordinates":[5.7752762,43.8313438]},"properties":{"commune":"Inconnue","numero":"35","type_hydrant":"pillar","etat":"Opérationnel"}},{"type":"Feature","geometry":{"type":"Point","coordinates":[5.7682129,43.8354324]},"properties":{"commune":"Inconnue","numero":"41","type_hydrant":"pillar","etat":"Opérationnel"}},{"type":"Feature","geometry":{"type":"Point","coordinates":[5.7750962,43.82369]},"properties":{"commune":"Inconnue","numero":"83","type_hydrant":"pillar","etat":"Opérationnel"}},{"type":"Feature","geometry":{"type":"Point","coordinates":[5.7636558,43.8298412]},"properties":{"commune":"Inconnue","numero":"65","type_hydrant":"pillar","etat":"Opérationnel"}},{"type":"Feature","geometry":{"type":"Point","coordinates":[5.7774271,43.8202434]},"properties":{"commune":"Inconnue","numero":"232","type_hydrant":"pillar","etat":"Opérationnel"}},{"type":"Feature","geometry":{"type":"Point","coordinates":[6.3717947,44.4437867]},"properties":{"commune":"Inconnue","numero":"6566093653","type_hydrant":"pillar","etat":"Opérationnel"}},{"type":"Feature","geometry":{"type":"Point","coordinates":[6.3314496,44.4402339]},"properties":{"commune":"Inconnue","numero":"6575103522","type_hydrant":"pillar","etat":"Opérationnel"}},{"type":"Feature","geometry":{"type":"Point","coordinates":[6.6721922,43.9644039]},"properties":{"commune":"Inconnue","numero":"6784364768","type_hydrant":"PI","etat":"Opérationnel"}},{"type":"Feature","geometry":{"type":"Point","coordinates":[5.9208797,44.3180634]},"properties":{"commune":"Inconnue","numero":"6816861295","type_hydrant":"pillar","etat":"Opérationnel"}},{"type":"Feature","geometry":{"type":"Point","coordinates":[5.9218026,44.3177532]},"properties":{"commune":"Inconnue","numero":"216010","type_hydrant":"pillar","etat":"Opérationnel"}},{"type":"Feature","geometry":{"type":"Point","coordinates":[6.842474,44.5930502]},"properties":{"commune":"Inconnue","numero":"193013","type_hydrant":"pillar","etat":"Opérationnel"}},{"type":"Feature","geometry":{"type":"Point","coordinates":[5.9423489,44.0304353]},"properties":{"commune":"Inconnue","numero":"6898115898","type_hydrant":"pillar","etat":"Opérationnel"}},{"type":"Feature","geometry":{"type":"Point","coordinates":[5.9431871,44.0313479]},"properties":{"commune":"Inconnue","numero":"6898115901","type_hydrant":"pillar","etat":"Opérationnel"}},{"type":"Feature","geometry":{"type":"Point","coordinates":[6.0015771,44.0813435]},"properties":{"commune":"Inconnue","numero":"6898296537","type_hydrant":"pillar","etat":"Opérationnel"}},{"type":"Feature","geometry":{"type":"Point","coordinates":[6.008157,44.0887045]},"properties":{"commune":"Inconnue","numero":"6898317483","type_hydrant":"pillar","etat":"Opérationnel"}},{"type":"Feature","geometry":{"type":"Point","coordinates":[6.0087255,44.0925678]},"properties":{"commune":"Inconnue","numero":"049043","type_hydrant":"pillar","etat":"Opérationnel"}},{"type":"Feature","geometry":{"type":"Point","coordinates":[5.890645,43.9264818]},"properties":{"commune":"Inconnue","numero":"034016","type_hydrant":"pillar","etat":"Opérationnel"}},{"type":"Feature","geometry":{"type":"Point","coordinates":[6.0102983,44.0953164]},"properties":{"commune":"Inconnue","numero":"6917882572","type_hydrant":"pillar","etat":"Opérationnel"}},{"type":"Feature","geometry":{"type":"Point","coordinates":[6.0096584,44.0940179]},"properties":{"commune":"Inconnue","numero":"094014","type_hydrant":"pillar","etat":"Opérationnel"}},{"type":"Feature","geometry":{"type":"Point","coordinates":[5.9786797,44.0305522]},"properties":{"commune":"Inconnue","numero":"6917944887","type_hydrant":"pillar","etat":"Opérationnel"}},{"type":"Feature","geometry":{"type":"Point","coordinates":[6.2150524,44.0875454]},"properties":{"commune":"Inconnue","numero":"070083","type_hydrant":"pillar","etat":"Opérationnel"}},{"type":"Feature","geometry":{"type":"Point","coordinates":[5.7865213,43.9024751]},"properties":{"commune":"Inconnue","numero":"068 001","type_hydrant":"pillar","etat":"Opérationnel"}},{"type":"Feature","geometry":{"type":"Point","coordinates":[6.6675616,43.9677914]},"properties":{"commune":"Inconnue","numero":"7038697720","type_hydrant":"pillar","etat":"Opérationnel"}},{"type":"Feature","geometry":{"type":"Point","coordinates":[6.1384326,43.920593]},"properties":{"commune":"Inconnue","numero":"7056261493","type_hydrant":"pillar","etat":"Opérationnel"}},{"type":"Feature","geometry":{"type":"Point","coordinates":[5.6162158,43.9086657]},"properties":{"commune":"Inconnue","numero":"7112547586","type_hydrant":"pillar","etat":"Opérationnel"}},{"type":"Feature","geometry":{"type":"Point","coordinates":[5.5925876,43.8566347]},"properties":{"commune":"Inconnue","numero":"045005","type_hydrant":"pillar","etat":"Opérationnel"}},{"type":"Feature","geometry":{"type":"Point","coordinates":[5.5885008,43.8567732]},"properties":{"commune":"Inconnue","numero":"045029","type_hydrant":"pillar","etat":"Opérationnel"}},{"type":"Feature","geometry":{"type":"Point","coordinates":[5.6020564,43.9315863]},"properties":{"commune":"Inconnue","numero":"7141326547","type_hydrant":"pillar","etat":"Opérationnel"}},{"type":"Feature","geometry":{"type":"Point","coordinates":[5.5929,43.9410529]},"properties":{"commune":"Inconnue","numero":"7141326548","type_hydrant":"pillar","etat":"Opérationnel"}},{"type":"Feature","geometry":{"type":"Point","coordinates":[5.6383779,43.9361597]},"properties":{"commune":"Inconnue","numero":"7141326549","type_hydrant":"pillar","etat":"Opérationnel"}},{"type":"Feature","geometry":{"type":"Point","coordinates":[5.6388542,43.9490946]},"properties":{"commune":"Inconnue","numero":"7141326550","type_hydrant":"pillar","etat":"Opérationnel"}},{"type":"Feature","geometry":{"type":"Point","coordinates":[5.6416255,43.930768]},"properties":{"commune":"Inconnue","numero":"227033","type_hydrant":"pillar","etat":"Opérationnel"}},{"type":"Feature","geometry":{"type":"Point","coordinates":[5.6589816,43.8788559]},"properties":{"commune":"Inconnue","numero":"160012","type_hydrant":"pillar","etat":"Opérationnel"}},{"type":"Feature","geometry":{"type":"Point","coordinates":[5.6590112,43.8811025]},"properties":{"commune":"Inconnue","numero":"160007","type_hydrant":"pillar","etat":"Opérationnel"}},{"type":"Feature","geometry":{"type":"Point","coordinates":[5.6598343,43.8795319]},"properties":{"commune":"Inconnue","numero":"160018","type_hydrant":"pillar","etat":"Opérationnel"}},{"type":"Feature","geometry":{"type":"Point","coordinates":[5.6640818,43.8845162]},"properties":{"commune":"Inconnue","numero":"3","type_hydrant":"pillar","etat":"Opérationnel"}},{"type":"Feature","geometry":{"type":"Point","coordinates":[5.6492118,43.8808393]},"properties":{"commune":"Inconnue","numero":"160011","type_hydrant":"pillar","etat":"Opérationnel"}},{"type":"Feature","geometry":{"type":"Point","coordinates":[5.6645672,43.8883929]},"properties":{"commune":"Inconnue","numero":"1","type_hydrant":"pillar","etat":"Opérationnel"}},{"type":"Feature","geometry":{"type":"Point","coordinates":[5.6374692,43.9313067]},"properties":{"commune":"Inconnue","numero":"227035","type_hydrant":"pillar","etat":"Opérationnel"}},{"type":"Feature","geometry":{"type":"Point","coordinates":[5.6361135,43.9306681]},"properties":{"commune":"Inconnue","numero":"227017","type_hydrant":"pillar","etat":"Opérationnel"}},{"type":"Feature","geometry":{"type":"Point","coordinates":[6.2313994,44.0880975]},"properties":{"commune":"Inconnue","numero":"070284","type_hydrant":"pillar","etat":"Opérationnel"}},{"type":"Feature","geometry":{"type":"Point","coordinates":[6.2240967,44.0818652]},"properties":{"commune":"Inconnue","numero":"070170","type_hydrant":"pillar","etat":"Opérationnel"}},{"type":"Feature","geometry":{"type":"Point","coordinates":[6.2253852,44.0818852]},"properties":{"commune":"Inconnue","numero":"070168","type_hydrant":"pillar","etat":"Opérationnel"}},{"type":"Feature","geometry":{"type":"Point","coordinates":[6.2220095,44.0806224]},"properties":{"commune":"Inconnue","numero":"070171","type_hydrant":"pillar","etat":"Opérationnel"}},{"type":"Feature","geometry":{"type":"Point","coordinates":[6.2203455,44.0811172]},"properties":{"commune":"Inconnue","numero":"070224","type_hydrant":"pillar","etat":"Opérationnel"}},{"type":"Feature","geometry":{"type":"Point","coordinates":[6.2196,44.0807842]},"properties":{"commune":"Inconnue","numero":"070227","type_hydrant":"pillar","etat":"Opérationnel"}},{"type":"Feature","geometry":{"type":"Point","coordinates":[6.2137538,44.0801476]},"properties":{"commune":"Inconnue","numero":"070172","type_hydrant":"pillar","etat":"Opérationnel"}},{"type":"Feature","geometry":{"type":"Point","coordinates":[6.2093271,44.0784168]},"properties":{"commune":"Inconnue","numero":"070173","type_hydrant":"pillar","etat":"Opérationnel"}},{"type":"Feature","geometry":{"type":"Point","coordinates":[6.2063996,44.076788]},"properties":{"commune":"Inconnue","numero":"070176","type_hydrant":"pillar","etat":"Opérationnel"}},{"type":"Feature","geometry":{"type":"Point","coordinates":[6.2073155,44.0765242]},"properties":{"commune":"Inconnue","numero":"070175","type_hydrant":"pillar","etat":"Opérationnel"}},{"type":"Feature","geometry":{"type":"Point","coordinates":[6.2064996,44.0757101]},"properties":{"commune":"Inconnue","numero":"070177","type_hydrant":"pillar","etat":"Opérationnel"}},{"type":"Feature","geometry":{"type":"Point","coordinates":[6.2071997,44.0755409]},"properties":{"commune":"Inconnue","numero":"070174","type_hydrant":"pillar","etat":"Opérationnel"}},{"type":"Feature","geometry":{"type":"Point","coordinates":[6.2079732,44.0725146]},"properties":{"commune":"Inconnue","numero":"070185","type_hydrant":"pillar","etat":"Opérationnel"}},{"type":"Feature","geometry":{"type":"Point","coordinates":[6.2112337,44.0720987]},"properties":{"commune":"Inconnue","numero":"070182","type_hydrant":"pillar","etat":"Opérationnel"}},{"type":"Feature","geometry":{"type":"Point","coordinates":[6.2120797,44.0707459]},"properties":{"commune":"Inconnue","numero":"070183","type_hydrant":"pillar","etat":"Opérationnel"}},{"type":"Feature","geometry":{"type":"Point","coordinates":[6.214035,44.0703568]},"properties":{"commune":"Inconnue","numero":"070184","type_hydrant":"pillar","etat":"Opérationnel"}},{"type":"Feature","geometry":{"type":"Point","coordinates":[6.2109535,44.0690515]},"properties":{"commune":"Inconnue","numero":"070187","type_hydrant":"pillar","etat":"Opérationnel"}},{"type":"Feature","geometry":{"type":"Point","coordinates":[6.2093214,44.067223]},"properties":{"commune":"Inconnue","numero":"070186","type_hydrant":"pillar","etat":"Opérationnel"}},{"type":"Feature","geometry":{"type":"Point","coordinates":[6.2103974,44.0651697]},"properties":{"commune":"Inconnue","numero":"070188","type_hydrant":"pillar","etat":"Opérationnel"}},{"type":"Feature","geometry":{"type":"Point","coordinates":[6.2081939,44.0611072]},"properties":{"commune":"Inconnue","numero":"070269","type_hydrant":"pillar","etat":"Opérationnel"}},{"type":"Feature","geometry":{"type":"Point","coordinates":[6.2098148,44.0594681]},"properties":{"commune":"Inconnue","numero":"070190","type_hydrant":"pillar","etat":"Opérationnel"}},{"type":"Feature","geometry":{"type":"Point","coordinates":[6.208067,44.0583789]},"properties":{"commune":"Inconnue","numero":"070189","type_hydrant":"pillar","etat":"Opérationnel"}},{"type":"Feature","geometry":{"type":"Point","coordinates":[6.2037685,44.0643583]},"properties":{"commune":"Inconnue","numero":"070191","type_hydrant":"pillar","etat":"Opérationnel"}},{"type":"Feature","geometry":{"type":"Point","coordinates":[6.2023504,44.0700503]},"properties":{"commune":"Inconnue","numero":"070193","type_hydrant":"pillar","etat":"Opérationnel"}},{"type":"Feature","geometry":{"type":"Point","coordinates":[6.1991927,44.0699768]},"properties":{"commune":"Inconnue","numero":"070195","type_hydrant":"pillar","etat":"Opérationnel"}},{"type":"Feature","geometry":{"type":"Point","coordinates":[6.1959406,44.0675096]},"properties":{"commune":"Inconnue","numero":"070203","type_hydrant":"pillar","etat":"Opérationnel"}},{"type":"Feature","geometry":{"type":"Point","coordinates":[6.1891268,44.0696204]},"properties":{"commune":"Inconnue","numero":"070198","type_hydrant":"pillar","etat":"Opérationnel"}},{"type":"Feature","geometry":{"type":"Point","coordinates":[6.1795662,44.0694721]},"properties":{"commune":"Inconnue","numero":"070286","type_hydrant":"pillar","etat":"Opérationnel"}},{"type":"Feature","geometry":{"type":"Point","coordinates":[6.1732813,44.0673562]},"properties":{"commune":"Inconnue","numero":"001019","type_hydrant":"pillar","etat":"Opérationnel"}},{"type":"Feature","geometry":{"type":"Point","coordinates":[6.1962767,44.060551]},"properties":{"commune":"Inconnue","numero":"070207","type_hydrant":"pillar","etat":"Opérationnel"}},{"type":"Feature","geometry":{"type":"Point","coordinates":[6.1932721,44.0497174]},"properties":{"commune":"Inconnue","numero":"070202","type_hydrant":"pillar","etat":"Opérationnel"}},{"type":"Feature","geometry":{"type":"Point","coordinates":[6.1856892,44.0531343]},"properties":{"commune":"Inconnue","numero":"070201","type_hydrant":"pillar","etat":"Opérationnel"}},{"type":"Feature","geometry":{"type":"Point","coordinates":[6.18022,44.0563333]},"properties":{"commune":"Inconnue","numero":"070200","type_hydrant":"pillar","etat":"Opérationnel"}},{"type":"Feature","geometry":{"type":"Point","coordinates":[6.1775176,44.0602126]},"properties":{"commune":"Inconnue","numero":"070199","type_hydrant":"pillar","etat":"Opérationnel"}},{"type":"Feature","geometry":{"type":"Point","coordinates":[6.1707695,44.0548375]},"properties":{"commune":"Inconnue","numero":"070205","type_hydrant":"pillar","etat":"Opérationnel"}},{"type":"Feature","geometry":{"type":"Point","coordinates":[6.1694094,44.0537837]},"properties":{"commune":"Inconnue","numero":"070206","type_hydrant":"pillar","etat":"Opérationnel"}},{"type":"Feature","geometry":{"type":"Point","coordinates":[6.1797595,44.0476498]},"properties":{"commune":"Inconnue","numero":"070204","type_hydrant":"pillar","etat":"Opérationnel"}},{"type":"Feature","geometry":{"type":"Point","coordinates":[6.1753329,44.0816119]},"properties":{"commune":"Inconnue","numero":"070244","type_hydrant":"pillar","etat":"Opérationnel"}},{"type":"Feature","geometry":{"type":"Point","coordinates":[6.1744902,44.0821701]},"properties":{"commune":"Inconnue","numero":"070159","type_hydrant":"pillar","etat":"Opérationnel"}},{"type":"Feature","geometry":{"type":"Point","coordinates":[6.1735276,44.0812175]},"properties":{"commune":"Inconnue","numero":"070160","type_hydrant":"pillar","etat":"Opérationnel"}},{"type":"Feature","geometry":{"type":"Point","coordinates":[6.1744001,44.0797955]},"properties":{"commune":"Inconnue","numero":"070158","type_hydrant":"pillar","etat":"Opérationnel"}},{"type":"Feature","geometry":{"type":"Point","coordinates":[6.1769737,44.0784471]},"properties":{"commune":"Inconnue","numero":"070243","type_hydrant":"pillar","etat":"Opérationnel"}},{"type":"Feature","geometry":{"type":"Point","coordinates":[6.1780486,44.0769574]},"properties":{"commune":"Inconnue","numero":"070161","type_hydrant":"pillar","etat":"Opérationnel"}},{"type":"Feature","geometry":{"type":"Point","coordinates":[6.1785672,44.0760178]},"properties":{"commune":"Inconnue","numero":"070242","type_hydrant":"pillar","etat":"Opérationnel"}},{"type":"Feature","geometry":{"type":"Point","coordinates":[6.1796419,44.0751242]},"properties":{"commune":"Inconnue","numero":"070155","type_hydrant":"pillar","etat":"Opérationnel"}},{"type":"Feature","geometry":{"type":"Point","coordinates":[6.1774989,44.0744502]},"properties":{"commune":"Inconnue","numero":"070156","type_hydrant":"pillar","etat":"Opérationnel"}},{"type":"Feature","geometry":{"type":"Point","coordinates":[6.1783593,44.0731392]},"properties":{"commune":"Inconnue","numero":"070154","type_hydrant":"pillar","etat":"Opérationnel"}},{"type":"Feature","geometry":{"type":"Point","coordinates":[6.1757199,44.0759052]},"properties":{"commune":"Inconnue","numero":"070157","type_hydrant":"pillar","etat":"Opérationnel"}},{"type":"Feature","geometry":{"type":"Point","coordinates":[6.1803404,44.0730643]},"properties":{"commune":"Inconnue","numero":"070152","type_hydrant":"pillar","etat":"Opérationnel"}},{"type":"Feature","geometry":{"type":"Point","coordinates":[6.1812674,44.074342]},"properties":{"commune":"Inconnue","numero":"070153","type_hydrant":"pillar","etat":"Opérationnel"}},{"type":"Feature","geometry":{"type":"Point","coordinates":[6.1822171,44.0736485]},"properties":{"commune":"Inconnue","numero":"070145","type_hydrant":"pillar","etat":"Opérationnel"}},{"type":"Feature","geometry":{"type":"Point","coordinates":[6.1820133,44.0729135]},"properties":{"commune":"Inconnue","numero":"070246","type_hydrant":"pillar","etat":"Opérationnel"}},{"type":"Feature","geometry":{"type":"Point","coordinates":[6.1831849,44.0723251]},"properties":{"commune":"Inconnue","numero":"070251","type_hydrant":"pillar","etat":"Opérationnel"}},{"type":"Feature","geometry":{"type":"Point","coordinates":[6.1826585,44.0719201]},"properties":{"commune":"Inconnue","numero":"070252","type_hydrant":"pillar","etat":"Opérationnel"}},{"type":"Feature","geometry":{"type":"Point","coordinates":[5.6384028,43.9318975]},"properties":{"commune":"Inconnue","numero":"227034","type_hydrant":"pillar","etat":"Opérationnel"}},{"type":"Feature","geometry":{"type":"Point","coordinates":[6.2345193,44.0910105]},"properties":{"commune":"Inconnue","numero":"070242","type_hydrant":"underground","etat":"Opérationnel"}},{"type":"Feature","geometry":{"type":"Point","coordinates":[6.23334,44.0917897]},"properties":{"commune":"Inconnue","numero":"070043","type_hydrant":"underground","etat":"Opérationnel"}},{"type":"Feature","geometry":{"type":"Point","coordinates":[6.2344479,44.0916448]},"properties":{"commune":"Inconnue","numero":"070044","type_hydrant":"underground","etat":"Opérationnel"}},{"type":"Feature","geometry":{"type":"Point","coordinates":[6.2343211,44.0922511]},"properties":{"commune":"Inconnue","numero":"070045","type_hydrant":"underground","etat":"Opérationnel"}},{"type":"Feature","geometry":{"type":"Point","coordinates":[6.2356126,44.0924414]},"properties":{"commune":"Inconnue","numero":"070046","type_hydrant":"underground","etat":"Opérationnel"}},{"type":"Feature","geometry":{"type":"Point","coordinates":[6.2299054,44.0983207]},"properties":{"commune":"Inconnue","numero":"070030","type_hydrant":"pillar","etat":"Opérationnel"}},{"type":"Feature","geometry":{"type":"Point","coordinates":[6.234464,44.1025145]},"properties":{"commune":"Inconnue","numero":"070022","type_hydrant":"pillar","etat":"Opérationnel"}},{"type":"Feature","geometry":{"type":"Point","coordinates":[6.2338977,44.1039219]},"properties":{"commune":"Inconnue","numero":"070023","type_hydrant":"pillar","etat":"Opérationnel"}},{"type":"Feature","geometry":{"type":"Point","coordinates":[6.2339115,44.1171935]},"properties":{"commune":"Inconnue","numero":"070004","type_hydrant":"pillar","etat":"Opérationnel"}},{"type":"Feature","geometry":{"type":"Point","coordinates":[6.2376194,44.1309445]},"properties":{"commune":"Inconnue","numero":"070001","type_hydrant":"pillar","etat":"Opérationnel"}},{"type":"Feature","geometry":{"type":"Point","coordinates":[5.6595076,43.8835086]},"properties":{"commune":"Inconnue","numero":"7166974828","type_hydrant":"pillar","etat":"Opérationnel"}},{"type":"Feature","geometry":{"type":"Point","coordinates":[5.6603025,43.8854619]},"properties":{"commune":"Inconnue","numero":"7166974829","type_hydrant":"pillar","etat":"Opérationnel"}},{"type":"Feature","geometry":{"type":"Point","coordinates":[5.6610176,43.8843008]},"properties":{"commune":"Inconnue","numero":"7166974830","type_hydrant":"pillar","etat":"Opérationnel"}},{"type":"Feature","geometry":{"type":"Point","coordinates":[5.6568479,43.8849274]},"properties":{"commune":"Inconnue","numero":"8","type_hydrant":"pillar","etat":"Opérationnel"}},{"type":"Feature","geometry":{"type":"Point","coordinates":[5.6668508,43.8783723]},"properties":{"commune":"Inconnue","numero":"160020","type_hydrant":"pillar","etat":"Opérationnel"}},{"type":"Feature","geometry":{"type":"Point","coordinates":[5.6673814,43.8795899]},"properties":{"commune":"Inconnue","numero":"160025","type_hydrant":"pillar","etat":"Opérationnel"}},{"type":"Feature","geometry":{"type":"Point","coordinates":[5.6824638,43.8628996]},"properties":{"commune":"Inconnue","numero":"7181972700","type_hydrant":"pillar","etat":"Opérationnel"}},{"type":"Feature","geometry":{"type":"Point","coordinates":[5.6681413,43.8835679]},"properties":{"commune":"Inconnue","numero":"7188064503","type_hydrant":"pillar","etat":"Opérationnel"}},{"type":"Feature","geometry":{"type":"Point","coordinates":[5.6715278,43.8852353]},"properties":{"commune":"Inconnue","numero":"7188080747","type_hydrant":"pillar","etat":"Opérationnel"}},{"type":"Feature","geometry":{"type":"Point","coordinates":[5.7773136,43.7967069]},"properties":{"commune":"Inconnue","numero":"7188090656","type_hydrant":"pillar","etat":"Opérationnel"}},{"type":"Feature","geometry":{"type":"Point","coordinates":[5.7827337,43.7982091]},"properties":{"commune":"Inconnue","numero":"197052","type_hydrant":"pillar","etat":"Opérationnel"}},{"type":"Feature","geometry":{"type":"Point","coordinates":[5.5985516,43.857966]},"properties":{"commune":"Inconnue","numero":"045032","type_hydrant":"pillar","etat":"Opérationnel"}},{"type":"Feature","geometry":{"type":"Point","coordinates":[5.761654,43.7841437]},"properties":{"commune":"Inconnue","numero":"197007","type_hydrant":"pillar","etat":"Opérationnel"}},{"type":"Feature","geometry":{"type":"Point","coordinates":[5.7621305,43.7825045]},"properties":{"commune":"Inconnue","numero":"197058","type_hydrant":"pillar","etat":"Opérationnel"}},{"type":"Feature","geometry":{"type":"Point","coordinates":[5.7671537,43.7870555]},"properties":{"commune":"Inconnue","numero":"7188160893","type_hydrant":"pillar","etat":"Opérationnel"}},{"type":"Feature","geometry":{"type":"Point","coordinates":[5.7654397,43.7871945]},"properties":{"commune":"Inconnue","numero":"28","type_hydrant":"pillar","etat":"Opérationnel"}},{"type":"Feature","geometry":{"type":"Point","coordinates":[5.6939431,43.835188]},"properties":{"commune":"Inconnue","numero":"128001","type_hydrant":"pillar","etat":"Opérationnel"}},{"type":"Feature","geometry":{"type":"Point","coordinates":[5.6948112,43.8362717]},"properties":{"commune":"Inconnue","numero":"128002","type_hydrant":"PI","etat":"Opérationnel"}},{"type":"Feature","geometry":{"type":"Point","coordinates":[5.598699,43.8591851]},"properties":{"commune":"Inconnue","numero":"045002","type_hydrant":"pillar","etat":"Opérationnel"}},{"type":"Feature","geometry":{"type":"Point","coordinates":[5.5926864,43.8543915]},"properties":{"commune":"Inconnue","numero":"7206509472","type_hydrant":"pillar","etat":"Opérationnel"}},{"type":"Feature","geometry":{"type":"Point","coordinates":[5.5906454,43.8536041]},"properties":{"commune":"Inconnue","numero":"7206509473","type_hydrant":"pillar","etat":"Opérationnel"}},{"type":"Feature","geometry":{"type":"Point","coordinates":[5.6648331,43.8864983]},"properties":{"commune":"Inconnue","numero":"2","type_hydrant":"pillar","etat":"Opérationnel"}},{"type":"Feature","geometry":{"type":"Point","coordinates":[5.6620027,43.875173]},"properties":{"commune":"Inconnue","numero":"160015","type_hydrant":"pillar","etat":"Opérationnel"}},{"type":"Feature","geometry":{"type":"Point","coordinates":[5.6601345,43.878273]},"properties":{"commune":"Inconnue","numero":"160026","type_hydrant":"underground","etat":"Opérationnel"}},{"type":"Feature","geometry":{"type":"Point","coordinates":[5.6613387,43.8778118]},"properties":{"commune":"Inconnue","numero":"160016","type_hydrant":"underground","etat":"Opérationnel"}},{"type":"Feature","geometry":{"type":"Point","coordinates":[5.6573605,43.8801655]},"properties":{"commune":"Inconnue","numero":"160023","type_hydrant":"underground","etat":"Opérationnel"}},{"type":"Feature","geometry":{"type":"Point","coordinates":[5.5890905,43.8557306]},"properties":{"commune":"Inconnue","numero":"045014","type_hydrant":"pillar","etat":"Opérationnel"}},{"type":"Feature","geometry":{"type":"Point","coordinates":[5.66152,43.8695201]},"properties":{"commune":"Inconnue","numero":"7246088231","type_hydrant":"pillar","etat":"Opérationnel"}},{"type":"Feature","geometry":{"type":"Point","coordinates":[5.5625046,43.8483829]},"properties":{"commune":"Inconnue","numero":"7246113461","type_hydrant":"pillar","etat":"Opérationnel"}},{"type":"Feature","geometry":{"type":"Point","coordinates":[5.5800253,43.8567256]},"properties":{"commune":"Inconnue","numero":"045027","type_hydrant":"pillar","etat":"Opérationnel"}},{"type":"Feature","geometry":{"type":"Point","coordinates":[5.5810465,43.857802]},"properties":{"commune":"Inconnue","numero":"04026","type_hydrant":"pillar","etat":"Opérationnel"}},{"type":"Feature","geometry":{"type":"Point","coordinates":[5.5796289,43.8559608]},"properties":{"commune":"Inconnue","numero":"045024","type_hydrant":"pillar","etat":"Opérationnel"}},{"type":"Feature","geometry":{"type":"Point","coordinates":[5.5772364,43.8557249]},"properties":{"commune":"Inconnue","numero":"045025","type_hydrant":"pillar","etat":"Opérationnel"}},{"type":"Feature","geometry":{"type":"Point","coordinates":[5.5898657,43.8555678]},"properties":{"commune":"Inconnue","numero":"7247832446","type_hydrant":"pillar","etat":"Opérationnel"}},{"type":"Feature","geometry":{"type":"Point","coordinates":[5.5903901,43.8558469]},"properties":{"commune":"Inconnue","numero":"045012","type_hydrant":"pillar","etat":"Opérationnel"}},{"type":"Feature","geometry":{"type":"Point","coordinates":[5.7580678,43.9373293]},"properties":{"commune":"Inconnue","numero":"7251125855","type_hydrant":"pillar","etat":"Opérationnel"}},{"type":"Feature","geometry":{"type":"Point","coordinates":[5.7500157,43.9377693]},"properties":{"commune":"Inconnue","numero":"111001","type_hydrant":"PI","etat":"Opérationnel"}},{"type":"Feature","geometry":{"type":"Point","coordinates":[6.0905788,43.8179662]},"properties":{"commune":"Inconnue","numero":"166002","type_hydrant":"pillar","etat":"Opérationnel"}},{"type":"Feature","geometry":{"type":"Point","coordinates":[6.08858,43.8194796]},"properties":{"commune":"Inconnue","numero":"166023","type_hydrant":"pillar","etat":"Opérationnel"}},{"type":"Feature","geometry":{"type":"Point","coordinates":[5.7836809,43.8365879]},"properties":{"commune":"Inconnue","numero":"7252468001","type_hydrant":"pillar","etat":"Opérationnel"}},{"type":"Feature","geometry":{"type":"Point","coordinates":[6.1005723,43.8158121]},"properties":{"commune":"Inconnue","numero":"7252535051","type_hydrant":"pillar","etat":"Opérationnel"}},{"type":"Feature","geometry":{"type":"Point","coordinates":[6.0984926,43.8133801]},"properties":{"commune":"Inconnue","numero":"166020","type_hydrant":"pillar","etat":"Opérationnel"}},{"type":"Feature","geometry":{"type":"Point","coordinates":[6.1290334,43.824939]},"properties":{"commune":"Inconnue","numero":"7252646495","type_hydrant":"pillar","etat":"Opérationnel"}},{"type":"Feature","geometry":{"type":"Point","coordinates":[6.1311346,43.824828]},"properties":{"commune":"Inconnue","numero":"7252646496","type_hydrant":"pillar","etat":"Opérationnel"}},{"type":"Feature","geometry":{"type":"Point","coordinates":[6.1002944,43.8181855]},"properties":{"commune":"Inconnue","numero":"7252658216","type_hydrant":"pillar","etat":"Opérationnel"}},{"type":"Feature","geometry":{"type":"Point","coordinates":[6.1106667,43.8203227]},"properties":{"commune":"Inconnue","numero":"7252658218","type_hydrant":"pillar","etat":"Opérationnel"}},{"type":"Feature","geometry":{"type":"Point","coordinates":[5.9184439,43.9161677]},"properties":{"commune":"Inconnue","numero":"143 048","type_hydrant":"pillar","etat":"Opérationnel"}},{"type":"Feature","geometry":{"type":"Point","coordinates":[5.9818354,43.8373284]},"properties":{"commune":"Inconnue","numero":"16","type_hydrant":"pillar","etat":"Opérationnel"}},{"type":"Feature","geometry":{"type":"Point","coordinates":[5.9183787,43.9184403]},"properties":{"commune":"Inconnue","numero":"143 047","type_hydrant":"pillar","etat":"Opérationnel"}},{"type":"Feature","geometry":{"type":"Point","coordinates":[5.924951,43.9164134]},"properties":{"commune":"Inconnue","numero":"7253233010","type_hydrant":"pillar","etat":"Opérationnel"}},{"type":"Feature","geometry":{"type":"Point","coordinates":[5.9156286,43.911553]},"properties":{"commune":"Inconnue","numero":"143024","type_hydrant":"pillar","etat":"Opérationnel"}},{"type":"Feature","geometry":{"type":"Point","coordinates":[5.9237153,43.9160323]},"properties":{"commune":"Inconnue","numero":"143 003","type_hydrant":"pillar","etat":"Opérationnel"}},{"type":"Feature","geometry":{"type":"Point","coordinates":[5.9218626,43.9146767]},"properties":{"commune":"Inconnue","numero":"143 002","type_hydrant":"pillar","etat":"Opérationnel"}},{"type":"Feature","geometry":{"type":"Point","coordinates":[5.9181087,43.9139649]},"properties":{"commune":"Inconnue","numero":"143037","type_hydrant":"pillar","etat":"Opérationnel"}},{"type":"Feature","geometry":{"type":"Point","coordinates":[5.7500734,43.8120832]},"properties":{"commune":"Inconnue","numero":"56","type_hydrant":"underground","etat":"Opérationnel"}},{"type":"Feature","geometry":{"type":"Point","coordinates":[5.9869959,43.8374455]},"properties":{"commune":"Inconnue","numero":"7269720478","type_hydrant":"pillar","etat":"Opérationnel"}},{"type":"Feature","geometry":{"type":"Point","coordinates":[5.9738635,43.7409948]},"properties":{"commune":"Inconnue","numero":"7270158575","type_hydrant":"pillar","etat":"Opérationnel"}},{"type":"Feature","geometry":{"type":"Point","coordinates":[6.0027978,43.7816254]},"properties":{"commune":"Inconnue","numero":"7270544756","type_hydrant":"pillar","etat":"Opérationnel"}},{"type":"Feature","geometry":{"type":"Point","coordinates":[6.0095213,43.7865436]},"properties":{"commune":"Inconnue","numero":"7270572598","type_hydrant":"pillar","etat":"Opérationnel"}},{"type":"Feature","geometry":{"type":"Point","coordinates":[5.9464656,43.7699304]},"properties":{"commune":"Inconnue","numero":"7270575930","type_hydrant":"pillar","etat":"Opérationnel"}},{"type":"Feature","geometry":{"type":"Point","coordinates":[6.1253745,43.8609427]},"properties":{"commune":"Inconnue","numero":"7270605680","type_hydrant":"pillar","etat":"Opérationnel"}},{"type":"Feature","geometry":{"type":"Point","coordinates":[6.128334,43.8668442]},"properties":{"commune":"Inconnue","numero":"7270605682","type_hydrant":"pillar","etat":"Opérationnel"}},{"type":"Feature","geometry":{"type":"Point","coordinates":[6.1293456,43.8643573]},"properties":{"commune":"Inconnue","numero":"7270621811","type_hydrant":"pillar","etat":"Opérationnel"}},{"type":"Feature","geometry":{"type":"Point","coordinates":[5.7821229,43.8341055]},"properties":{"commune":"Inconnue","numero":"112166","type_hydrant":"pillar","etat":"Opérationnel"}},{"type":"Feature","geometry":{"type":"Point","coordinates":[5.7832664,43.8373776]},"properties":{"commune":"Inconnue","numero":"385","type_hydrant":"pillar","etat":"Opérationnel"}},{"type":"Feature","geometry":{"type":"Point","coordinates":[5.9164603,44.2315641]},"properties":{"commune":"Inconnue","numero":"209176","type_hydrant":"pillar","etat":"Opérationnel"}},{"type":"Feature","geometry":{"type":"Point","coordinates":[6.2243815,44.0885576]},"properties":{"commune":"Inconnue","numero":"070086","type_hydrant":"PI","etat":"Opérationnel"}},{"type":"Feature","geometry":{"type":"Point","coordinates":[6.2258331,44.0887589]},"properties":{"commune":"Inconnue","numero":"7274471156","type_hydrant":"pillar","etat":"Opérationnel"}},{"type":"Feature","geometry":{"type":"Point","coordinates":[6.0067357,44.1036707]},"properties":{"commune":"Inconnue","numero":"7277243047","type_hydrant":"pillar","etat":"Opérationnel"}},{"type":"Feature","geometry":{"type":"Point","coordinates":[6.0078493,44.1020966]},"properties":{"commune":"Inconnue","numero":"7277243048","type_hydrant":"pillar","etat":"Opérationnel"}},{"type":"Feature","geometry":{"type":"Point","coordinates":[6.0113854,44.0990997]},"properties":{"commune":"Inconnue","numero":"7277243049","type_hydrant":"pillar","etat":"Opérationnel"}},{"type":"Feature","geometry":{"type":"Point","coordinates":[6.0120794,44.099329]},"properties":{"commune":"Inconnue","numero":"33","type_hydrant":"pillar","etat":"Opérationnel"}},{"type":"Feature","geometry":{"type":"Point","coordinates":[6.0143556,44.0934184]},"properties":{"commune":"Inconnue","numero":"7277318026","type_hydrant":"pillar","etat":"Opérationnel"}},{"type":"Feature","geometry":{"type":"Point","coordinates":[6.0142157,44.0988479]},"properties":{"commune":"Inconnue","numero":"7277382893","type_hydrant":"pillar","etat":"Opérationnel"}},{"type":"Feature","geometry":{"type":"Point","coordinates":[6.0134676,44.0984463]},"properties":{"commune":"Inconnue","numero":"7277398271","type_hydrant":"pillar","etat":"Opérationnel"}},{"type":"Feature","geometry":{"type":"Point","coordinates":[6.0109245,44.0936863]},"properties":{"commune":"Inconnue","numero":"7277411566","type_hydrant":"pillar","etat":"Opérationnel"}},{"type":"Feature","geometry":{"type":"Point","coordinates":[6.0092527,44.0965466]},"properties":{"commune":"Inconnue","numero":"7277424241","type_hydrant":"pillar","etat":"Opérationnel"}},{"type":"Feature","geometry":{"type":"Point","coordinates":[6.0085148,44.0987558]},"properties":{"commune":"Inconnue","numero":"049102","type_hydrant":"pillar","etat":"Opérationnel"}},{"type":"Feature","geometry":{"type":"Point","coordinates":[6.0078928,44.1009118]},"properties":{"commune":"Inconnue","numero":"7277424243","type_hydrant":"pillar","etat":"Opérationnel"}},{"type":"Feature","geometry":{"type":"Point","coordinates":[6.0088284,44.0999079]},"properties":{"commune":"Inconnue","numero":"7277427461","type_hydrant":"pillar","etat":"Opérationnel"}},{"type":"Feature","geometry":{"type":"Point","coordinates":[6.006836,44.0936506]},"properties":{"commune":"Inconnue","numero":"049018","type_hydrant":"pillar","etat":"Opérationnel"}},{"type":"Feature","geometry":{"type":"Point","coordinates":[6.0057461,44.0949761]},"properties":{"commune":"Inconnue","numero":"049017","type_hydrant":"pillar","etat":"Opérationnel"}},{"type":"Feature","geometry":{"type":"Point","coordinates":[6.004964,44.0966147]},"properties":{"commune":"Inconnue","numero":"049101","type_hydrant":"pillar","etat":"Opérationnel"}},{"type":"Feature","geometry":{"type":"Point","coordinates":[6.0084364,44.0955542]},"properties":{"commune":"Inconnue","numero":"049001","type_hydrant":"pillar","etat":"Opérationnel"}},{"type":"Feature","geometry":{"type":"Point","coordinates":[5.9998313,44.0810534]},"properties":{"commune":"Inconnue","numero":"7277504138","type_hydrant":"pillar","etat":"Opérationnel"}},{"type":"Feature","geometry":{"type":"Point","coordinates":[6.0019435,44.0825777]},"properties":{"commune":"Inconnue","numero":"7277504139","type_hydrant":"pillar","etat":"Opérationnel"}},{"type":"Feature","geometry":{"type":"Point","coordinates":[6.0075574,44.0948075]},"properties":{"commune":"Inconnue","numero":"049016","type_hydrant":"pillar","etat":"Opérationnel"}},{"type":"Feature","geometry":{"type":"Point","coordinates":[6.0077557,44.0922892]},"properties":{"commune":"Inconnue","numero":"7277505458","type_hydrant":"pillar","etat":"Opérationnel"}},{"type":"Feature","geometry":{"type":"Point","coordinates":[6.0083609,44.090678]},"properties":{"commune":"Inconnue","numero":"7277505459","type_hydrant":"pillar","etat":"Opérationnel"}},{"type":"Feature","geometry":{"type":"Point","coordinates":[6.0061774,44.0893682]},"properties":{"commune":"Inconnue","numero":"7277505460","type_hydrant":"pillar","etat":"Opérationnel"}},{"type":"Feature","geometry":{"type":"Point","coordinates":[6.0013485,44.0842302]},"properties":{"commune":"Inconnue","numero":"7277556102","type_hydrant":"pillar","etat":"Opérationnel"}},{"type":"Feature","geometry":{"type":"Point","coordinates":[6.0077378,44.0872232]},"properties":{"commune":"Inconnue","numero":"7277557424","type_hydrant":"pillar","etat":"Opérationnel"}},{"type":"Feature","geometry":{"type":"Point","coordinates":[6.0086963,44.0871977]},"properties":{"commune":"Inconnue","numero":"7277557425","type_hydrant":"pillar","etat":"Opérationnel"}},{"type":"Feature","geometry":{"type":"Point","coordinates":[6.0054751,44.0878951]},"properties":{"commune":"Inconnue","numero":"7277557426","type_hydrant":"pillar","etat":"Opérationnel"}},{"type":"Feature","geometry":{"type":"Point","coordinates":[6.0038939,44.0860601]},"properties":{"commune":"Inconnue","numero":"7277557427","type_hydrant":"pillar","etat":"Opérationnel"}},{"type":"Feature","geometry":{"type":"Point","coordinates":[6.0038948,44.0872203]},"properties":{"commune":"Inconnue","numero":"7277557428","type_hydrant":"pillar","etat":"Opérationnel"}},{"type":"Feature","geometry":{"type":"Point","coordinates":[6.0023981,44.0850446]},"properties":{"commune":"Inconnue","numero":"7277557429","type_hydrant":"pillar","etat":"Opérationnel"}},{"type":"Feature","geometry":{"type":"Point","coordinates":[6.0042649,44.0857322]},"properties":{"commune":"Inconnue","numero":"7277558805","type_hydrant":"pillar","etat":"Opérationnel"}},{"type":"Feature","geometry":{"type":"Point","coordinates":[6.0028672,44.0833799]},"properties":{"commune":"Inconnue","numero":"7277558806","type_hydrant":"pillar","etat":"Opérationnel"}},{"type":"Feature","geometry":{"type":"Point","coordinates":[6.0028724,44.0811032]},"properties":{"commune":"Inconnue","numero":"7277565674","type_hydrant":"pillar","etat":"Opérationnel"}},{"type":"Feature","geometry":{"type":"Point","coordinates":[6.0031429,44.0803931]},"properties":{"commune":"Inconnue","numero":"7277565675","type_hydrant":"pillar","etat":"Opérationnel"}},{"type":"Feature","geometry":{"type":"Point","coordinates":[6.0005807,44.0823219]},"properties":{"commune":"Inconnue","numero":"7277574477","type_hydrant":"pillar","etat":"Opérationnel"}},{"type":"Feature","geometry":{"type":"Point","coordinates":[5.9986288,44.0817361]},"properties":{"commune":"Inconnue","numero":"7277574478","type_hydrant":"pillar","etat":"Opérationnel"}},{"type":"Feature","geometry":{"type":"Point","coordinates":[5.998083,44.0824862]},"properties":{"commune":"Inconnue","numero":"7277574479","type_hydrant":"pillar","etat":"Opérationnel"}},{"type":"Feature","geometry":{"type":"Point","coordinates":[6.0035628,44.0819924]},"properties":{"commune":"Inconnue","numero":"7277580391","type_hydrant":"pillar","etat":"Opérationnel"}},{"type":"Feature","geometry":{"type":"Point","coordinates":[5.5913674,43.8565826]},"properties":{"commune":"Inconnue","numero":"045006","type_hydrant":"pillar","etat":"Opérationnel"}},{"type":"Feature","geometry":{"type":"Point","coordinates":[5.5952698,43.8593315]},"properties":{"commune":"Inconnue","numero":"045003","type_hydrant":"pillar","etat":"Opérationnel"}},{"type":"Feature","geometry":{"type":"Point","coordinates":[5.6004448,43.8565671]},"properties":{"commune":"Inconnue","numero":"045001","type_hydrant":"pillar","etat":"Opérationnel"}},{"type":"Feature","geometry":{"type":"Point","coordinates":[5.5830115,43.8549196]},"properties":{"commune":"Inconnue","numero":"045021","type_hydrant":"pillar","etat":"Opérationnel"}},{"type":"Feature","geometry":{"type":"Point","coordinates":[5.5841695,43.8564892]},"properties":{"commune":"Inconnue","numero":"045023","type_hydrant":"pillar","etat":"Opérationnel"}},{"type":"Feature","geometry":{"type":"Point","coordinates":[5.5956223,43.8581676]},"properties":{"commune":"Inconnue","numero":"7289366450","type_hydrant":"pillar","etat":"Opérationnel"}},{"type":"Feature","geometry":{"type":"Point","coordinates":[5.5900277,43.8566008]},"properties":{"commune":"Inconnue","numero":"7","type_hydrant":"pillar","etat":"Opérationnel"}},{"type":"Feature","geometry":{"type":"Point","coordinates":[5.590533,43.8574138]},"properties":{"commune":"Inconnue","numero":"045007","type_hydrant":"pillar","etat":"Opérationnel"}},{"type":"Feature","geometry":{"type":"Point","coordinates":[5.586062,43.8549662]},"properties":{"commune":"Inconnue","numero":"045017","type_hydrant":"pillar","etat":"Opérationnel"}},{"type":"Feature","geometry":{"type":"Point","coordinates":[5.5898967,43.8545593]},"properties":{"commune":"Inconnue","numero":"11","type_hydrant":"pillar","etat":"Opérationnel"}},{"type":"Feature","geometry":{"type":"Point","coordinates":[5.5846864,43.8550236]},"properties":{"commune":"Inconnue","numero":"045019","type_hydrant":"pillar","etat":"Opérationnel"}},{"type":"Feature","geometry":{"type":"Point","coordinates":[5.5854367,43.8560932]},"properties":{"commune":"Inconnue","numero":"045018","type_hydrant":"pillar","etat":"Opérationnel"}},{"type":"Feature","geometry":{"type":"Point","coordinates":[5.5854767,43.858318]},"properties":{"commune":"Inconnue","numero":"045028","type_hydrant":"pillar","etat":"Opérationnel"}},{"type":"Feature","geometry":{"type":"Point","coordinates":[5.5949728,43.856328]},"properties":{"commune":"Inconnue","numero":"045030","type_hydrant":"pillar","etat":"Opérationnel"}},{"type":"Feature","geometry":{"type":"Point","coordinates":[6.0018479,43.783107]},"properties":{"commune":"Inconnue","numero":"7296265868","type_hydrant":"pillar","etat":"Opérationnel"}},{"type":"Feature","geometry":{"type":"Point","coordinates":[6.005066,44.0821199]},"properties":{"commune":"Inconnue","numero":"7296555001","type_hydrant":"pillar","etat":"Opérationnel"}},{"type":"Feature","geometry":{"type":"Point","coordinates":[6.0086868,44.0849409]},"properties":{"commune":"Inconnue","numero":"7296555002","type_hydrant":"pillar","etat":"Opérationnel"}},{"type":"Feature","geometry":{"type":"Point","coordinates":[6.0062696,44.08401]},"properties":{"commune":"Inconnue","numero":"7296555003","type_hydrant":"pillar","etat":"Opérationnel"}},{"type":"Feature","geometry":{"type":"Point","coordinates":[6.0060407,44.0806485]},"properties":{"commune":"Inconnue","numero":"7296555004","type_hydrant":"pillar","etat":"Opérationnel"}},{"type":"Feature","geometry":{"type":"Point","coordinates":[6.001846,44.0804675]},"properties":{"commune":"Inconnue","numero":"7296568774","type_hydrant":"pillar","etat":"Opérationnel"}},{"type":"Feature","geometry":{"type":"Point","coordinates":[6.0016541,44.0803177]},"properties":{"commune":"Inconnue","numero":"7296568775","type_hydrant":"pillar","etat":"Opérationnel"}},{"type":"Feature","geometry":{"type":"Point","coordinates":[6.0004408,44.0793794]},"properties":{"commune":"Inconnue","numero":"7296568776","type_hydrant":"pillar","etat":"Opérationnel"}},{"type":"Feature","geometry":{"type":"Point","coordinates":[5.999907,44.0784275]},"properties":{"commune":"Inconnue","numero":"7296568777","type_hydrant":"pillar","etat":"Opérationnel"}},{"type":"Feature","geometry":{"type":"Point","coordinates":[5.9982996,44.0775641]},"properties":{"commune":"Inconnue","numero":"7296568778","type_hydrant":"pillar","etat":"Opérationnel"}},{"type":"Feature","geometry":{"type":"Point","coordinates":[5.9996005,44.0760877]},"properties":{"commune":"Inconnue","numero":"7296568779","type_hydrant":"pillar","etat":"Opérationnel"}},{"type":"Feature","geometry":{"type":"Point","coordinates":[6.0011039,44.0757832]},"properties":{"commune":"Inconnue","numero":"7296568780","type_hydrant":"pillar","etat":"Opérationnel"}},{"type":"Feature","geometry":{"type":"Point","coordinates":[6.0003039,44.0775358]},"properties":{"commune":"Inconnue","numero":"7296568781","type_hydrant":"pillar","etat":"Opérationnel"}},{"type":"Feature","geometry":{"type":"Point","coordinates":[6.001598,44.0786863]},"properties":{"commune":"Inconnue","numero":"7296568782","type_hydrant":"pillar","etat":"Opérationnel"}},{"type":"Feature","geometry":{"type":"Point","coordinates":[6.002066,44.0770442]},"properties":{"commune":"Inconnue","numero":"7296568783","type_hydrant":"pillar","etat":"Opérationnel"}},{"type":"Feature","geometry":{"type":"Point","coordinates":[5.9997045,44.0692741]},"properties":{"commune":"Inconnue","numero":"7296568784","type_hydrant":"pillar","etat":"Opérationnel"}},{"type":"Feature","geometry":{"type":"Point","coordinates":[5.9989205,44.0665529]},"properties":{"commune":"Inconnue","numero":"7296593785","type_hydrant":"pillar","etat":"Opérationnel"}},{"type":"Feature","geometry":{"type":"Point","coordinates":[5.9989669,44.0662128]},"properties":{"commune":"Inconnue","numero":"7296593786","type_hydrant":"pillar","etat":"Opérationnel"}},{"type":"Feature","geometry":{"type":"Point","coordinates":[5.9977135,44.0627548]},"properties":{"commune":"Inconnue","numero":"7296593787","type_hydrant":"pillar","etat":"Opérationnel"}},{"type":"Feature","geometry":{"type":"Point","coordinates":[5.7941405,43.825718]},"properties":{"commune":"Inconnue","numero":"112403","type_hydrant":"pillar","etat":"Opérationnel"}},{"type":"Feature","geometry":{"type":"Point","coordinates":[5.7935923,43.8262561]},"properties":{"commune":"Inconnue","numero":"112404","type_hydrant":"pillar","etat":"Opérationnel"}},{"type":"Feature","geometry":{"type":"Point","coordinates":[5.9963313,44.0751662]},"properties":{"commune":"Inconnue","numero":"049062","type_hydrant":"pillar","etat":"Opérationnel"}},{"type":"Feature","geometry":{"type":"Point","coordinates":[5.9978457,44.0714801]},"properties":{"commune":"Inconnue","numero":"049064","type_hydrant":"pillar","etat":"Opérationnel"}},{"type":"Feature","geometry":{"type":"Point","coordinates":[5.9943724,44.0717405]},"properties":{"commune":"Inconnue","numero":"7297055437","type_hydrant":"pillar","etat":"Opérationnel"}},{"type":"Feature","geometry":{"type":"Point","coordinates":[5.9929324,44.0747958]},"properties":{"commune":"Inconnue","numero":"049057","type_hydrant":"pillar","etat":"Opérationnel"}},{"type":"Feature","geometry":{"type":"Point","coordinates":[5.9927105,44.0730228]},"properties":{"commune":"Inconnue","numero":"7297055439","type_hydrant":"pillar","etat":"Opérationnel"}},{"type":"Feature","geometry":{"type":"Point","coordinates":[5.9917177,44.0711512]},"properties":{"commune":"Inconnue","numero":"7297055440","type_hydrant":"pillar","etat":"Opérationnel"}},{"type":"Feature","geometry":{"type":"Point","coordinates":[5.9901949,44.0713024]},"properties":{"commune":"Inconnue","numero":"7297055441","type_hydrant":"pillar","etat":"Opérationnel"}},{"type":"Feature","geometry":{"type":"Point","coordinates":[5.9920515,44.0684112]},"properties":{"commune":"Inconnue","numero":"049067","type_hydrant":"pillar","etat":"Opérationnel"}},{"type":"Feature","geometry":{"type":"Point","coordinates":[5.9861827,44.0680725]},"properties":{"commune":"Inconnue","numero":"049079","type_hydrant":"pillar","etat":"Opérationnel"}},{"type":"Feature","geometry":{"type":"Point","coordinates":[5.9818798,44.0665595]},"properties":{"commune":"Inconnue","numero":"049077","type_hydrant":"pillar","etat":"Opérationnel"}},{"type":"Feature","geometry":{"type":"Point","coordinates":[5.9847982,44.0661458]},"properties":{"commune":"Inconnue","numero":"049076","type_hydrant":"pillar","etat":"Opérationnel"}},{"type":"Feature","geometry":{"type":"Point","coordinates":[5.9880684,44.0666294]},"properties":{"commune":"Inconnue","numero":"049082","type_hydrant":"pillar","etat":"Opérationnel"}},{"type":"Feature","geometry":{"type":"Point","coordinates":[5.9869715,44.0659496]},"properties":{"commune":"Inconnue","numero":"049081","type_hydrant":"pillar","etat":"Opérationnel"}},{"type":"Feature","geometry":{"type":"Point","coordinates":[5.9852951,44.0649383]},"properties":{"commune":"Inconnue","numero":"049075","type_hydrant":"pillar","etat":"Opérationnel"}},{"type":"Feature","geometry":{"type":"Point","coordinates":[5.9906997,44.0649713]},"properties":{"commune":"Inconnue","numero":"84","type_hydrant":"pillar","etat":"Opérationnel"}},{"type":"Feature","geometry":{"type":"Point","coordinates":[5.9896357,44.064408]},"properties":{"commune":"Inconnue","numero":"7297084083","type_hydrant":"pillar","etat":"Opérationnel"}},{"type":"Feature","geometry":{"type":"Point","coordinates":[5.9877845,44.0690918]},"properties":{"commune":"Inconnue","numero":"049080","type_hydrant":"pillar","etat":"Opérationnel"}},{"type":"Feature","geometry":{"type":"Point","coordinates":[5.9953045,44.0695738]},"properties":{"commune":"Inconnue","numero":"049066","type_hydrant":"pillar","etat":"Opérationnel"}},{"type":"Feature","geometry":{"type":"Point","coordinates":[5.9923765,44.0694455]},"properties":{"commune":"Inconnue","numero":"7297156796","type_hydrant":"pillar","etat":"Opérationnel"}},{"type":"Feature","geometry":{"type":"Point","coordinates":[5.9968857,44.0736211]},"properties":{"commune":"Inconnue","numero":"049063","type_hydrant":"pillar","etat":"Opérationnel"}},{"type":"Feature","geometry":{"type":"Point","coordinates":[5.6503626,43.8832177]},"properties":{"commune":"Inconnue","numero":"7359310542","type_hydrant":"pillar","etat":"Opérationnel"}},{"type":"Feature","geometry":{"type":"Point","coordinates":[5.6620681,43.8795262]},"properties":{"commune":"Inconnue","numero":"160031","type_hydrant":"underground","etat":"Opérationnel"}},{"type":"Feature","geometry":{"type":"Point","coordinates":[5.653959,43.8806232]},"properties":{"commune":"Inconnue","numero":"160009","type_hydrant":"pillar","etat":"Opérationnel"}},{"type":"Feature","geometry":{"type":"Point","coordinates":[5.9205585,44.3180775]},"properties":{"commune":"Inconnue","numero":"7485626130","type_hydrant":"pillar","etat":"Opérationnel"}},{"type":"Feature","geometry":{"type":"Point","coordinates":[5.7511488,43.7624986]},"properties":{"commune":"Inconnue","numero":"063013","type_hydrant":"pillar","etat":"Opérationnel"}},{"type":"Feature","geometry":{"type":"Point","coordinates":[5.7508089,43.7642456]},"properties":{"commune":"Inconnue","numero":"7498857304","type_hydrant":"pillar","etat":"Opérationnel"}},{"type":"Feature","geometry":{"type":"Point","coordinates":[5.7503121,43.7608654]},"properties":{"commune":"Inconnue","numero":"063001","type_hydrant":"pillar","etat":"Opérationnel"}},{"type":"Feature","geometry":{"type":"Point","coordinates":[5.9555799,44.3718474]},"properties":{"commune":"Inconnue","numero":"058004","type_hydrant":"pillar","etat":"Opérationnel"}},{"type":"Feature","geometry":{"type":"Point","coordinates":[5.9564054,44.3716506]},"properties":{"commune":"Inconnue","numero":"058003","type_hydrant":"pillar","etat":"Opérationnel"}},{"type":"Feature","geometry":{"type":"Point","coordinates":[5.956763,44.3720798]},"properties":{"commune":"Inconnue","numero":"058002","type_hydrant":"pillar","etat":"Opérationnel"}},{"type":"Feature","geometry":{"type":"Point","coordinates":[5.9842392,44.406868]},"properties":{"commune":"Inconnue","numero":"7636061792","type_hydrant":"pillar","etat":"Opérationnel"}},{"type":"Feature","geometry":{"type":"Point","coordinates":[6.2483923,44.0883499]},"properties":{"commune":"Inconnue","numero":"070265","type_hydrant":"pillar","etat":"Opérationnel"}},{"type":"Feature","geometry":{"type":"Point","coordinates":[6.0919098,43.8164685]},"properties":{"commune":"Inconnue","numero":"7653230177","type_hydrant":"pillar","etat":"Opérationnel"}},{"type":"Feature","geometry":{"type":"Point","coordinates":[5.8034107,43.8298731]},"properties":{"commune":"Inconnue","numero":"112408","type_hydrant":"pillar","etat":"Opérationnel"}},{"type":"Feature","geometry":{"type":"Point","coordinates":[6.1972322,44.0736429]},"properties":{"commune":"Inconnue","numero":"070197","type_hydrant":"pillar","etat":"Opérationnel"}},{"type":"Feature","geometry":{"type":"Point","coordinates":[6.6248879,44.3604238]},"properties":{"commune":"Inconnue","numero":"7673166597","type_hydrant":"pillar","etat":"Opérationnel"}},{"type":"Feature","geometry":{"type":"Point","coordinates":[6.6434401,44.3994577]},"properties":{"commune":"Inconnue","numero":"7680328645","type_hydrant":"pillar","etat":"Opérationnel"}},{"type":"Feature","geometry":{"type":"Point","coordinates":[5.9609372,44.0429059]},"properties":{"commune":"Inconnue","numero":"7772842318","type_hydrant":"pillar","etat":"Opérationnel"}},{"type":"Feature","geometry":{"type":"Point","coordinates":[5.9596772,44.033016]},"properties":{"commune":"Inconnue","numero":"7776075058","type_hydrant":"pillar","etat":"Opérationnel"}},{"type":"Feature","geometry":{"type":"Point","coordinates":[5.9601487,44.0410939]},"properties":{"commune":"Inconnue","numero":"7776075079","type_hydrant":"pillar","etat":"Opérationnel"}},{"type":"Feature","geometry":{"type":"Point","coordinates":[5.9625881,44.0426218]},"properties":{"commune":"Inconnue","numero":"7776103991","type_hydrant":"pillar","etat":"Opérationnel"}},{"type":"Feature","geometry":{"type":"Point","coordinates":[5.9653496,44.0426963]},"properties":{"commune":"Inconnue","numero":"149 088","type_hydrant":"pillar","etat":"Opérationnel"}},{"type":"Feature","geometry":{"type":"Point","coordinates":[5.9563584,44.0431073]},"properties":{"commune":"Inconnue","numero":"7776104215","type_hydrant":"pillar","etat":"Opérationnel"}},{"type":"Feature","geometry":{"type":"Point","coordinates":[5.9607261,44.0373354]},"properties":{"commune":"Inconnue","numero":"7777546524","type_hydrant":"pillar","etat":"Opérationnel"}},{"type":"Feature","geometry":{"type":"Point","coordinates":[5.9622098,44.046272]},"properties":{"commune":"Inconnue","numero":"7777583004","type_hydrant":"pillar","etat":"Opérationnel"}},{"type":"Feature","geometry":{"type":"Point","coordinates":[5.9607959,44.0345683]},"properties":{"commune":"Inconnue","numero":"7777593085","type_hydrant":"pillar","etat":"Opérationnel"}},{"type":"Feature","geometry":{"type":"Point","coordinates":[5.9130401,43.9972301]},"properties":{"commune":"Inconnue","numero":"091011","type_hydrant":"PI","etat":"Opérationnel"}},{"type":"Feature","geometry":{"type":"Point","coordinates":[5.9142366,43.9998128]},"properties":{"commune":"Inconnue","numero":"091010","type_hydrant":"PI","etat":"Opérationnel"}},{"type":"Feature","geometry":{"type":"Point","coordinates":[5.9130294,44.0024137]},"properties":{"commune":"Inconnue","numero":"091009","type_hydrant":"PI","etat":"Opérationnel"}},{"type":"Feature","geometry":{"type":"Point","coordinates":[5.9109909,43.9952125]},"properties":{"commune":"Inconnue","numero":"091012","type_hydrant":"PI","etat":"Opérationnel"}},{"type":"Feature","geometry":{"type":"Point","coordinates":[5.7889883,43.8359192]},"properties":{"commune":"Inconnue","numero":"113","type_hydrant":"pillar","etat":"Opérationnel"}},{"type":"Feature","geometry":{"type":"Point","coordinates":[6.1619245,44.0945131]},"properties":{"commune":"Inconnue","numero":"047019","type_hydrant":"pillar","etat":"Opérationnel"}},{"type":"Feature","geometry":{"type":"Point","coordinates":[6.1159408,44.0349731]},"properties":{"commune":"Inconnue","numero":"7925023876","type_hydrant":"pillar","etat":"Opérationnel"}},{"type":"Feature","geometry":{"type":"Point","coordinates":[5.9018651,43.7716652]},"properties":{"commune":"Inconnue","numero":"8027678971","type_hydrant":"PI","etat":"Opérationnel"}},{"type":"Feature","geometry":{"type":"Point","coordinates":[5.8991486,43.7701473]},"properties":{"commune":"Inconnue","numero":"8041779722","type_hydrant":"PI","etat":"Opérationnel"}},{"type":"Feature","geometry":{"type":"Point","coordinates":[5.9565175,43.7411059]},"properties":{"commune":"Inconnue","numero":"081019","type_hydrant":"PI","etat":"Opérationnel"}},{"type":"Feature","geometry":{"type":"Point","coordinates":[5.9075639,44.2366044]},"properties":{"commune":"Inconnue","numero":"8179724865","type_hydrant":"PI","etat":"Opérationnel"}},{"type":"Feature","geometry":{"type":"Point","coordinates":[5.9076962,44.2331862]},"properties":{"commune":"Inconnue","numero":"209208","type_hydrant":"PI","etat":"Opérationnel"}},{"type":"Feature","geometry":{"type":"Point","coordinates":[5.9098373,44.2336016]},"properties":{"commune":"Inconnue","numero":"209199","type_hydrant":"PI","etat":"Opérationnel"}},{"type":"Feature","geometry":{"type":"Point","coordinates":[5.9067742,44.2374432]},"properties":{"commune":"Inconnue","numero":"209196","type_hydrant":"pillar","etat":"Opérationnel"}},{"type":"Feature","geometry":{"type":"Point","coordinates":[5.9093429,44.2380222]},"properties":{"commune":"Inconnue","numero":"8179734152","type_hydrant":"PI","etat":"Opérationnel"}},{"type":"Feature","geometry":{"type":"Point","coordinates":[5.915601,44.2269433]},"properties":{"commune":"Inconnue","numero":"209083","type_hydrant":"pillar","etat":"Opérationnel"}},{"type":"Feature","geometry":{"type":"Point","coordinates":[5.9089445,44.2363064]},"properties":{"commune":"Inconnue","numero":"209194","type_hydrant":"pillar","etat":"Opérationnel"}},{"type":"Feature","geometry":{"type":"Point","coordinates":[5.9118411,44.2298024]},"properties":{"commune":"Inconnue","numero":"8179914645","type_hydrant":"PI","etat":"Opérationnel"}},{"type":"Feature","geometry":{"type":"Point","coordinates":[5.9132653,44.2344302]},"properties":{"commune":"Inconnue","numero":"209181","type_hydrant":"pillar","etat":"Opérationnel"}},{"type":"Feature","geometry":{"type":"Point","coordinates":[5.9168886,44.2283612]},"properties":{"commune":"Inconnue","numero":"209152","type_hydrant":"pillar","etat":"Opérationnel"}},{"type":"Feature","geometry":{"type":"Point","coordinates":[5.9171399,44.2263849]},"properties":{"commune":"Inconnue","numero":"8179914648","type_hydrant":"pillar","etat":"Opérationnel"}},{"type":"Feature","geometry":{"type":"Point","coordinates":[6.2373063,44.0930913]},"properties":{"commune":"Inconnue","numero":"070290","type_hydrant":"pillar","etat":"Opérationnel"}},{"type":"Feature","geometry":{"type":"Point","coordinates":[6.2369392,44.0935829]},"properties":{"commune":"Inconnue","numero":"070289","type_hydrant":"pillar","etat":"Opérationnel"}},{"type":"Feature","geometry":{"type":"Point","coordinates":[5.753046,43.7577595]},"properties":{"commune":"Inconnue","numero":"063008","type_hydrant":"pillar","etat":"Opérationnel"}},{"type":"Feature","geometry":{"type":"Point","coordinates":[5.7514241,43.7564361]},"properties":{"commune":"Inconnue","numero":"8232340229","type_hydrant":"pillar","etat":"Opérationnel"}},{"type":"Feature","geometry":{"type":"Point","coordinates":[5.7513867,43.7535081]},"properties":{"commune":"Inconnue","numero":"063014","type_hydrant":"pillar","etat":"Opérationnel"}},{"type":"Feature","geometry":{"type":"Point","coordinates":[5.7505546,43.7522856]},"properties":{"commune":"Inconnue","numero":"8232340232","type_hydrant":"pillar","etat":"Opérationnel"}},{"type":"Feature","geometry":{"type":"Point","coordinates":[5.9565143,44.0446573]},"properties":{"commune":"Inconnue","numero":"8234023299","type_hydrant":"pillar","etat":"Opérationnel"}},{"type":"Feature","geometry":{"type":"Point","coordinates":[5.9590626,44.0442858]},"properties":{"commune":"Inconnue","numero":"8234023300","type_hydrant":"pillar","etat":"Opérationnel"}},{"type":"Feature","geometry":{"type":"Point","coordinates":[5.9589485,44.0430194]},"properties":{"commune":"Inconnue","numero":"8234023301","type_hydrant":"pillar","etat":"Opérationnel"}},{"type":"Feature","geometry":{"type":"Point","coordinates":[5.9595161,44.0427217]},"properties":{"commune":"Inconnue","numero":"8234026323","type_hydrant":"pillar","etat":"Opérationnel"}},{"type":"Feature","geometry":{"type":"Point","coordinates":[5.9618013,44.0413589]},"properties":{"commune":"Inconnue","numero":"149 053","type_hydrant":"pillar","etat":"Opérationnel"}},{"type":"Feature","geometry":{"type":"Point","coordinates":[5.7744305,43.8400865]},"properties":{"commune":"Inconnue","numero":"8355264510","type_hydrant":"pillar","etat":"Opérationnel"}},{"type":"Feature","geometry":{"type":"Point","coordinates":[6.358088,44.3512083]},"properties":{"commune":"Inconnue","numero":"205096","type_hydrant":"pillar","etat":"Opérationnel"}},{"type":"Feature","geometry":{"type":"Point","coordinates":[5.8021343,43.8310835]},"properties":{"commune":"Inconnue","numero":"112340","type_hydrant":"pillar","etat":"Opérationnel"}},{"type":"Feature","geometry":{"type":"Point","coordinates":[5.9242528,44.3209967]},"properties":{"commune":"Inconnue","numero":"216005","type_hydrant":"pillar","etat":"Opérationnel"}},{"type":"Feature","geometry":{"type":"Point","coordinates":[5.9251686,44.3226052]},"properties":{"commune":"Inconnue","numero":"216006","type_hydrant":"pillar","etat":"Opérationnel"}},{"type":"Feature","geometry":{"type":"Point","coordinates":[6.1285083,44.1907721]},"properties":{"commune":"Inconnue","numero":"9007017488","type_hydrant":"PI","etat":"Opérationnel"}},{"type":"Feature","geometry":{"type":"Point","coordinates":[6.1263511,43.924331]},"properties":{"commune":"Inconnue","numero":"9010373219","type_hydrant":"pillar","etat":"Opérationnel"}},{"type":"Feature","geometry":{"type":"Point","coordinates":[6.1017767,44.2465507]},"properties":{"commune":"Inconnue","numero":"9017817052","type_hydrant":"pillar","etat":"Opérationnel"}},{"type":"Feature","geometry":{"type":"Point","coordinates":[6.9235137,43.9130383]},"properties":{"commune":"Inconnue","numero":"9097662043","type_hydrant":"pillar","etat":"Opérationnel"}},{"type":"Feature","geometry":{"type":"Point","coordinates":[5.7963051,43.8242731]},"properties":{"commune":"Inconnue","numero":"225","type_hydrant":"pillar","etat":"Opérationnel"}},{"type":"Feature","geometry":{"type":"Point","coordinates":[5.7168346,43.9094158]},"properties":{"commune":"Inconnue","numero":"9188045622","type_hydrant":"pillar","etat":"Opérationnel"}},{"type":"Feature","geometry":{"type":"Point","coordinates":[5.714892,43.9096229]},"properties":{"commune":"Inconnue","numero":"9188045623","type_hydrant":"pillar","etat":"Opérationnel"}},{"type":"Feature","geometry":{"type":"Point","coordinates":[5.7150485,43.909822]},"properties":{"commune":"Inconnue","numero":"9188045624","type_hydrant":"pillar","etat":"Opérationnel"}},{"type":"Feature","geometry":{"type":"Point","coordinates":[5.7147548,43.91015]},"properties":{"commune":"Inconnue","numero":"9188045625","type_hydrant":"pillar","etat":"Opérationnel"}},{"type":"Feature","geometry":{"type":"Point","coordinates":[5.713626,43.9103763]},"properties":{"commune":"Inconnue","numero":"9188045626","type_hydrant":"pillar","etat":"Opérationnel"}},{"type":"Feature","geometry":{"type":"Point","coordinates":[5.7164737,43.9137166]},"properties":{"commune":"Inconnue","numero":"9188045628","type_hydrant":"pillar","etat":"Opérationnel"}},{"type":"Feature","geometry":{"type":"Point","coordinates":[5.7158019,43.9146552]},"properties":{"commune":"Inconnue","numero":"9188045629","type_hydrant":"pillar","etat":"Opérationnel"}},{"type":"Feature","geometry":{"type":"Point","coordinates":[5.7112612,43.9112177]},"properties":{"commune":"Inconnue","numero":"9188045636","type_hydrant":"pillar","etat":"Opérationnel"}},{"type":"Feature","geometry":{"type":"Point","coordinates":[5.7158183,43.9097928]},"properties":{"commune":"Inconnue","numero":"9188045642","type_hydrant":"pillar","etat":"Opérationnel"}},{"type":"Feature","geometry":{"type":"Point","coordinates":[5.7136739,43.904606]},"properties":{"commune":"Inconnue","numero":"9188167109","type_hydrant":"pillar","etat":"Opérationnel"}},{"type":"Feature","geometry":{"type":"Point","coordinates":[5.7170723,43.9190267]},"properties":{"commune":"Inconnue","numero":"9188168685","type_hydrant":"pillar","etat":"Opérationnel"}},{"type":"Feature","geometry":{"type":"Point","coordinates":[5.7434412,43.90272]},"properties":{"commune":"Inconnue","numero":"9191298068","type_hydrant":"pillar","etat":"Opérationnel"}},{"type":"Feature","geometry":{"type":"Point","coordinates":[5.7156284,43.910651]},"properties":{"commune":"Inconnue","numero":"3","type_hydrant":"pillar","etat":"Opérationnel"}},{"type":"Feature","geometry":{"type":"Point","coordinates":[5.7151486,43.910567]},"properties":{"commune":"Inconnue","numero":"9191298070","type_hydrant":"pillar","etat":"Opérationnel"}},{"type":"Feature","geometry":{"type":"Point","coordinates":[5.7145296,43.9295183]},"properties":{"commune":"Inconnue","numero":"9191298071","type_hydrant":"pillar","etat":"Opérationnel"}},{"type":"Feature","geometry":{"type":"Point","coordinates":[5.7131926,43.930781]},"properties":{"commune":"Inconnue","numero":"9191298072","type_hydrant":"pillar","etat":"Opérationnel"}},{"type":"Feature","geometry":{"type":"Point","coordinates":[5.772581,43.9451788]},"properties":{"commune":"Inconnue","numero":"111014","type_hydrant":"pillar","etat":"Opérationnel"}},{"type":"Feature","geometry":{"type":"Point","coordinates":[5.7665929,43.9372132]},"properties":{"commune":"Inconnue","numero":"11019","type_hydrant":"pillar","etat":"Opérationnel"}},{"type":"Feature","geometry":{"type":"Point","coordinates":[5.7919011,43.9020125]},"properties":{"commune":"Inconnue","numero":"168017","type_hydrant":"pillar","etat":"Opérationnel"}},{"type":"Feature","geometry":{"type":"Point","coordinates":[5.8037646,43.9005339]},"properties":{"commune":"Inconnue","numero":"188009","type_hydrant":"pillar","etat":"Opérationnel"}},{"type":"Feature","geometry":{"type":"Point","coordinates":[5.8132715,43.9014207]},"properties":{"commune":"Inconnue","numero":"242055","type_hydrant":"pillar","etat":"Opérationnel"}},{"type":"Feature","geometry":{"type":"Point","coordinates":[5.7841188,43.8993893]},"properties":{"commune":"Inconnue","numero":"068002","type_hydrant":"pillar","etat":"Opérationnel"}},{"type":"Feature","geometry":{"type":"Point","coordinates":[5.7805508,43.8974731]},"properties":{"commune":"Inconnue","numero":"068003","type_hydrant":"pillar","etat":"Opérationnel"}},{"type":"Feature","geometry":{"type":"Point","coordinates":[5.7836458,43.8975313]},"properties":{"commune":"Inconnue","numero":"168004","type_hydrant":"pillar","etat":"Opérationnel"}},{"type":"Feature","geometry":{"type":"Point","coordinates":[5.7167798,43.9084003]},"properties":{"commune":"Inconnue","numero":"9203177255","type_hydrant":"pillar","etat":"Opérationnel"}},{"type":"Feature","geometry":{"type":"Point","coordinates":[5.7490541,43.9043854]},"properties":{"commune":"Inconnue","numero":"9203177256","type_hydrant":"pillar","etat":"Opérationnel"}},{"type":"Feature","geometry":{"type":"Point","coordinates":[5.7174026,43.9100416]},"properties":{"commune":"Inconnue","numero":"9208260780","type_hydrant":"pillar","etat":"Opérationnel"}},{"type":"Feature","geometry":{"type":"Point","coordinates":[5.7772019,43.8865509]},"properties":{"commune":"Inconnue","numero":"068 007","type_hydrant":"pillar","etat":"Opérationnel"}},{"type":"Feature","geometry":{"type":"Point","coordinates":[5.7750102,43.8818771]},"properties":{"commune":"Inconnue","numero":"9230662996","type_hydrant":"pillar","etat":"Opérationnel"}},{"type":"Feature","geometry":{"type":"Point","coordinates":[5.8329847,43.9527993]},"properties":{"commune":"Inconnue","numero":"1","type_hydrant":"pillar","etat":"Opérationnel"}},{"type":"Feature","geometry":{"type":"Point","coordinates":[5.8327368,43.9562377]},"properties":{"commune":"Inconnue","numero":"4","type_hydrant":"pillar","etat":"Opérationnel"}},{"type":"Feature","geometry":{"type":"Point","coordinates":[5.8339378,43.9551372]},"properties":{"commune":"Inconnue","numero":"2","type_hydrant":"pillar","etat":"Opérationnel"}},{"type":"Feature","geometry":{"type":"Point","coordinates":[5.8359923,43.9551802]},"properties":{"commune":"Inconnue","numero":"5","type_hydrant":"pillar","etat":"Opérationnel"}},{"type":"Feature","geometry":{"type":"Point","coordinates":[5.832383,43.9388054]},"properties":{"commune":"Inconnue","numero":"9230695715","type_hydrant":"pillar","etat":"Opérationnel"}},{"type":"Feature","geometry":{"type":"Point","coordinates":[5.7927285,43.9580628]},"properties":{"commune":"Inconnue","numero":"17","type_hydrant":"pillar","etat":"Opérationnel"}},{"type":"Feature","geometry":{"type":"Point","coordinates":[5.7950208,43.9576609]},"properties":{"commune":"Inconnue","numero":"18","type_hydrant":"pillar","etat":"Opérationnel"}},{"type":"Feature","geometry":{"type":"Point","coordinates":[5.7985027,43.9573456]},"properties":{"commune":"Inconnue","numero":"19","type_hydrant":"pillar","etat":"Opérationnel"}},{"type":"Feature","geometry":{"type":"Point","coordinates":[5.7324722,43.8740801]},"properties":{"commune":"Inconnue","numero":"190007","type_hydrant":"pillar","etat":"Opérationnel"}},{"type":"Feature","geometry":{"type":"Point","coordinates":[5.7333041,43.8753676]},"properties":{"commune":"Inconnue","numero":"190004","type_hydrant":"pillar","etat":"Opérationnel"}},{"type":"Feature","geometry":{"type":"Point","coordinates":[5.7351075,43.881768]},"properties":{"commune":"Inconnue","numero":"190003","type_hydrant":"pillar","etat":"Opérationnel"}},{"type":"Feature","geometry":{"type":"Point","coordinates":[5.7505842,43.8876137]},"properties":{"commune":"Inconnue","numero":"190001","type_hydrant":"pillar","etat":"Opérationnel"}},{"type":"Feature","geometry":{"type":"Point","coordinates":[5.7825098,43.8346353]},"properties":{"commune":"Inconnue","numero":"9283817390","type_hydrant":"pillar","etat":"Opérationnel"}},{"type":"Feature","geometry":{"type":"Point","coordinates":[5.7870864,43.821983]},"properties":{"commune":"Inconnue","numero":"192","type_hydrant":"pillar","etat":"Opérationnel"}},{"type":"Feature","geometry":{"type":"Point","coordinates":[5.716614,43.9168198]},"properties":{"commune":"Inconnue","numero":"9384399495","type_hydrant":"pillar","etat":"Opérationnel"}},{"type":"Feature","geometry":{"type":"Point","coordinates":[5.8395629,44.2648011]},"properties":{"commune":"Inconnue","numero":"9442317862","type_hydrant":"pillar","etat":"Opérationnel"}},{"type":"Feature","geometry":{"type":"Point","coordinates":[6.1979828,43.9954956]},"properties":{"commune":"Inconnue","numero":"121008","type_hydrant":"pillar","etat":"Opérationnel"}},{"type":"Feature","geometry":{"type":"Point","coordinates":[6.1931172,44.0735335]},"properties":{"commune":"Inconnue","numero":"070249","type_hydrant":"PI","etat":"Opérationnel"}},{"type":"Feature","geometry":{"type":"Point","coordinates":[6.0931844,43.8181006]},"properties":{"commune":"Inconnue","numero":"166006","type_hydrant":"pillar","etat":"Opérationnel"}},{"type":"Feature","geometry":{"type":"Point","coordinates":[5.7976494,43.8170417]},"properties":{"commune":"Inconnue","numero":"112432","type_hydrant":"pillar","etat":"Opérationnel"}},{"type":"Feature","geometry":{"type":"Point","coordinates":[5.7981962,43.825895]},"properties":{"commune":"Inconnue","numero":"112223","type_hydrant":"pillar","etat":"Opérationnel"}},{"type":"Feature","geometry":{"type":"Point","coordinates":[5.7996823,43.8252323]},"properties":{"commune":"Inconnue","numero":"281","type_hydrant":"pillar","etat":"Opérationnel"}},{"type":"Feature","geometry":{"type":"Point","coordinates":[5.7863467,43.8393845]},"properties":{"commune":"Inconnue","numero":"112428","type_hydrant":"pillar","etat":"Opérationnel"}},{"type":"Feature","geometry":{"type":"Point","coordinates":[5.7740328,43.8438634]},"properties":{"commune":"Inconnue","numero":"415","type_hydrant":"pillar","etat":"Opérationnel"}},{"type":"Feature","geometry":{"type":"Point","coordinates":[5.787866,43.8418097]},"properties":{"commune":"Inconnue","numero":"112094","type_hydrant":"pillar","etat":"Opérationnel"}},{"type":"Feature","geometry":{"type":"Point","coordinates":[5.7878664,43.8457095]},"properties":{"commune":"Inconnue","numero":"112429","type_hydrant":"pillar","etat":"Opérationnel"}},{"type":"Feature","geometry":{"type":"Point","coordinates":[5.7672219,43.8402465]},"properties":{"commune":"Inconnue","numero":"17","type_hydrant":"pillar","etat":"Opérationnel"}},{"type":"Feature","geometry":{"type":"Point","coordinates":[5.7689374,43.8408103]},"properties":{"commune":"Inconnue","numero":"18","type_hydrant":"pillar","etat":"Opérationnel"}},{"type":"Feature","geometry":{"type":"Point","coordinates":[5.7676111,43.8283636]},"properties":{"commune":"Inconnue","numero":"60","type_hydrant":"pillar","etat":"Opérationnel"}},{"type":"Feature","geometry":{"type":"Point","coordinates":[5.764068,43.8260103]},"properties":{"commune":"Inconnue","numero":"112051","type_hydrant":"pillar","etat":"Opérationnel"}},{"type":"Feature","geometry":{"type":"Point","coordinates":[5.7649631,43.8266165]},"properties":{"commune":"Inconnue","numero":"112052","type_hydrant":"pillar","etat":"Opérationnel"}},{"type":"Feature","geometry":{"type":"Point","coordinates":[5.7636547,43.8268762]},"properties":{"commune":"Inconnue","numero":"112053","type_hydrant":"pillar","etat":"Opérationnel"}},{"type":"Feature","geometry":{"type":"Point","coordinates":[5.7595451,43.8282418]},"properties":{"commune":"Inconnue","numero":"112047","type_hydrant":"pillar","etat":"Opérationnel"}},{"type":"Feature","geometry":{"type":"Point","coordinates":[5.7584854,43.8270201]},"properties":{"commune":"Inconnue","numero":"112312","type_hydrant":"pillar","etat":"Opérationnel"}},{"type":"Feature","geometry":{"type":"Point","coordinates":[6.2116738,44.084429]},"properties":{"commune":"Inconnue","numero":"070285","type_hydrant":"PI","etat":"Opérationnel"}},{"type":"Feature","geometry":{"type":"Point","coordinates":[6.3425496,43.7802953]},"properties":{"commune":"Inconnue","numero":"9931479846","type_hydrant":"pillar","etat":"Opérationnel"}},{"type":"Feature","geometry":{"type":"Point","coordinates":[6.7571836,44.5167544]},"properties":{"commune":"Inconnue","numero":"10002907218","type_hydrant":"pillar","etat":"Opérationnel"}},{"type":"Feature","geometry":{"type":"Point","coordinates":[6.0713722,44.1097552]},"properties":{"commune":"Inconnue","numero":"10173893442","type_hydrant":"PI","etat":"Opérationnel"}},{"type":"Feature","geometry":{"type":"Point","coordinates":[5.9589856,44.2876535]},"properties":{"commune":"Inconnue","numero":"230015","type_hydrant":"pillar","etat":"Opérationnel"}},{"type":"Feature","geometry":{"type":"Point","coordinates":[5.6324052,43.9545579]},"properties":{"commune":"Inconnue","numero":"10210294266","type_hydrant":"pillar","etat":"Opérationnel"}},{"type":"Feature","geometry":{"type":"Point","coordinates":[5.611859,43.9607777]},"properties":{"commune":"Inconnue","numero":"208013","type_hydrant":"pillar","etat":"Opérationnel"}},{"type":"Feature","geometry":{"type":"Point","coordinates":[5.9437003,44.1952167]},"properties":{"commune":"Inconnue","numero":"157","type_hydrant":"pillar","etat":"Opérationnel"}},{"type":"Feature","geometry":{"type":"Point","coordinates":[5.9431054,44.195785]},"properties":{"commune":"Inconnue","numero":"209101","type_hydrant":"pillar","etat":"Opérationnel"}},{"type":"Feature","geometry":{"type":"Point","coordinates":[5.8572675,44.268081]},"properties":{"commune":"Inconnue","numero":"10273993332","type_hydrant":"pillar","etat":"Opérationnel"}},{"type":"Feature","geometry":{"type":"Point","coordinates":[6.0304485,44.0432995]},"properties":{"commune":"Inconnue","numero":"10296534103","type_hydrant":"pillar","etat":"Opérationnel"}},{"type":"Feature","geometry":{"type":"Point","coordinates":[6.1348162,44.1972471]},"properties":{"commune":"Inconnue","numero":"5","type_hydrant":"pillar","etat":"Opérationnel"}},{"type":"Feature","geometry":{"type":"Point","coordinates":[6.0344191,44.3410328]},"properties":{"commune":"Inconnue","numero":"10308905209","type_hydrant":"pillar","etat":"Opérationnel"}},{"type":"Feature","geometry":{"type":"Point","coordinates":[5.5875723,43.9894105]},"properties":{"commune":"Inconnue","numero":"10588728712","type_hydrant":"pillar","etat":"Opérationnel"}},{"type":"Feature","geometry":{"type":"Point","coordinates":[5.9305084,43.9544015]},"properties":{"commune":"Inconnue","numero":"116002","type_hydrant":"pillar","etat":"Opérationnel"}},{"type":"Feature","geometry":{"type":"Point","coordinates":[5.9367298,43.9720414]},"properties":{"commune":"Inconnue","numero":"10594597515","type_hydrant":"pillar","etat":"Opérationnel"}},{"type":"Feature","geometry":{"type":"Point","coordinates":[5.9293933,43.9539808]},"properties":{"commune":"Inconnue","numero":"116001","type_hydrant":"pillar","etat":"Opérationnel"}},{"type":"Feature","geometry":{"type":"Point","coordinates":[5.9331203,43.9533055]},"properties":{"commune":"Inconnue","numero":"116003","type_hydrant":"pillar","etat":"Opérationnel"}},{"type":"Feature","geometry":{"type":"Point","coordinates":[5.9318831,43.9547919]},"properties":{"commune":"Inconnue","numero":"116004","type_hydrant":"pillar","etat":"Opérationnel"}},{"type":"Feature","geometry":{"type":"Point","coordinates":[5.7693501,44.0317744]},"properties":{"commune":"Inconnue","numero":"178015","type_hydrant":"pillar","etat":"Opérationnel"}},{"type":"Feature","geometry":{"type":"Point","coordinates":[5.7762502,44.0386161]},"properties":{"commune":"Inconnue","numero":"178010","type_hydrant":"pillar","etat":"Opérationnel"}},{"type":"Feature","geometry":{"type":"Point","coordinates":[5.7648144,44.0363918]},"properties":{"commune":"Inconnue","numero":"17","type_hydrant":"pillar","etat":"Opérationnel"}},{"type":"Feature","geometry":{"type":"Point","coordinates":[5.821855,44.0596694]},"properties":{"commune":"Inconnue","numero":"10601925641","type_hydrant":"pillar","etat":"Opérationnel"}},{"type":"Feature","geometry":{"type":"Point","coordinates":[5.7799965,44.0454827]},"properties":{"commune":"Inconnue","numero":"10601925655","type_hydrant":"pillar","etat":"Opérationnel"}},{"type":"Feature","geometry":{"type":"Point","coordinates":[5.8392756,43.9672054]},"properties":{"commune":"Inconnue","numero":"8","type_hydrant":"pillar","etat":"Opérationnel"}},{"type":"Feature","geometry":{"type":"Point","coordinates":[5.8890291,43.9679051]},"properties":{"commune":"Inconnue","numero":"10612332366","type_hydrant":"pillar","etat":"Opérationnel"}},{"type":"Feature","geometry":{"type":"Point","coordinates":[5.8425215,43.9952201]},"properties":{"commune":"Inconnue","numero":"206010","type_hydrant":"pillar","etat":"Opérationnel"}},{"type":"Feature","geometry":{"type":"Point","coordinates":[5.7836553,43.8315104]},"properties":{"commune":"Inconnue","numero":"426","type_hydrant":"pillar","etat":"Opérationnel"}},{"type":"Feature","geometry":{"type":"Point","coordinates":[6.25294,44.0823349]},"properties":{"commune":"Inconnue","numero":"070068","type_hydrant":"pillar","etat":"Opérationnel"}},{"type":"Feature","geometry":{"type":"Point","coordinates":[5.7779044,43.9588746]},"properties":{"commune":"Inconnue","numero":"10616339886","type_hydrant":"pillar","etat":"Opérationnel"}},{"type":"Feature","geometry":{"type":"Point","coordinates":[5.8298187,43.9477954]},"properties":{"commune":"Inconnue","numero":"9","type_hydrant":"pillar","etat":"Opérationnel"}},{"type":"Feature","geometry":{"type":"Point","coordinates":[5.7908408,43.9627777]},"properties":{"commune":"Inconnue","numero":"10646815495","type_hydrant":"pillar","etat":"Opérationnel"}},{"type":"Feature","geometry":{"type":"Point","coordinates":[6.6508032,43.8552056]},"properties":{"commune":"Inconnue","numero":"10649481331","type_hydrant":"pillar","etat":"Opérationnel"}},{"type":"Feature","geometry":{"type":"Point","coordinates":[6.6507262,43.854981]},"properties":{"commune":"Inconnue","numero":"10649481332","type_hydrant":"pillar","etat":"Opérationnel"}},{"type":"Feature","geometry":{"type":"Point","coordinates":[6.648122,43.8605379]},"properties":{"commune":"Inconnue","numero":"10649481341","type_hydrant":"pillar","etat":"Opérationnel"}},{"type":"Feature","geometry":{"type":"Point","coordinates":[6.447532,43.8211423]},"properties":{"commune":"Inconnue","numero":"10655968800","type_hydrant":"pillar","etat":"Opérationnel"}},{"type":"Feature","geometry":{"type":"Point","coordinates":[6.3134407,44.1618654]},"properties":{"commune":"Inconnue","numero":"10656710325","type_hydrant":"pillar","etat":"Opérationnel"}},{"type":"Feature","geometry":{"type":"Point","coordinates":[6.3095561,44.1611263]},"properties":{"commune":"Inconnue","numero":"10656729848","type_hydrant":"pillar","etat":"Opérationnel"}},{"type":"Feature","geometry":{"type":"Point","coordinates":[6.6459729,43.8143129]},"properties":{"commune":"Inconnue","numero":"10678077003","type_hydrant":"pillar","etat":"Opérationnel"}},{"type":"Feature","geometry":{"type":"Point","coordinates":[6.6424309,43.8153664]},"properties":{"commune":"Inconnue","numero":"10678093108","type_hydrant":"pillar","etat":"Opérationnel"}},{"type":"Feature","geometry":{"type":"Point","coordinates":[6.5976771,43.8109752]},"properties":{"commune":"Inconnue","numero":"10678093131","type_hydrant":"pillar","etat":"Opérationnel"}},{"type":"Feature","geometry":{"type":"Point","coordinates":[6.5096449,43.8925061]},"properties":{"commune":"Inconnue","numero":"10681438603","type_hydrant":"pillar","etat":"Opérationnel"}},{"type":"Feature","geometry":{"type":"Point","coordinates":[6.5009089,43.891477]},"properties":{"commune":"Inconnue","numero":"10681497406","type_hydrant":"pillar","etat":"Opérationnel"}},{"type":"Feature","geometry":{"type":"Point","coordinates":[6.5081559,43.8520161]},"properties":{"commune":"Inconnue","numero":"10681497501","type_hydrant":"pillar","etat":"Opérationnel"}},{"type":"Feature","geometry":{"type":"Point","coordinates":[6.5530428,43.8107483]},"properties":{"commune":"Inconnue","numero":"10683769975","type_hydrant":"pillar","etat":"Opérationnel"}},{"type":"Feature","geometry":{"type":"Point","coordinates":[6.5558617,43.8308587]},"properties":{"commune":"Inconnue","numero":"10683769983","type_hydrant":"pillar","etat":"Opérationnel"}},{"type":"Feature","geometry":{"type":"Point","coordinates":[6.496865,43.8648729]},"properties":{"commune":"Inconnue","numero":"10683846625","type_hydrant":"pillar","etat":"Opérationnel"}},{"type":"Feature","geometry":{"type":"Point","coordinates":[6.506624,43.8598441]},"properties":{"commune":"Inconnue","numero":"10683846626","type_hydrant":"pillar","etat":"Opérationnel"}},{"type":"Feature","geometry":{"type":"Point","coordinates":[6.7820565,43.9588357]},"properties":{"commune":"Inconnue","numero":"10693263779","type_hydrant":"pillar","etat":"Opérationnel"}},{"type":"Feature","geometry":{"type":"Point","coordinates":[6.7816189,43.9268233]},"properties":{"commune":"Inconnue","numero":"10697798444","type_hydrant":"pillar","etat":"Opérationnel"}},{"type":"Feature","geometry":{"type":"Point","coordinates":[6.6649976,43.9313435]},"properties":{"commune":"Inconnue","numero":"008020","type_hydrant":"pillar","etat":"Opérationnel"}},{"type":"Feature","geometry":{"type":"Point","coordinates":[6.3831834,44.023099]},"properties":{"commune":"Inconnue","numero":"10725870066","type_hydrant":"PI","etat":"Opérationnel"}},{"type":"Feature","geometry":{"type":"Point","coordinates":[6.5207962,44.0901168]},"properties":{"commune":"Inconnue","numero":"10733341111","type_hydrant":"pillar","etat":"Opérationnel"}},{"type":"Feature","geometry":{"type":"Point","coordinates":[6.2211617,43.8387931]},"properties":{"commune":"Inconnue","numero":"10734852722","type_hydrant":"pillar","etat":"Opérationnel"}},{"type":"Feature","geometry":{"type":"Point","coordinates":[6.2211561,43.8426684]},"properties":{"commune":"Inconnue","numero":"10736514945","type_hydrant":"PI","etat":"Opérationnel"}},{"type":"Feature","geometry":{"type":"Point","coordinates":[6.5784167,44.2767633]},"properties":{"commune":"Inconnue","numero":"67","type_hydrant":"pillar","etat":"Opérationnel"}},{"type":"Feature","geometry":{"type":"Point","coordinates":[6.5886529,44.2586813]},"properties":{"commune":"Inconnue","numero":"73","type_hydrant":"pillar","etat":"Opérationnel"}},{"type":"Feature","geometry":{"type":"Point","coordinates":[6.6247842,44.2445012]},"properties":{"commune":"Inconnue","numero":"006 011","type_hydrant":"pillar","etat":"Opérationnel"}},{"type":"Feature","geometry":{"type":"Point","coordinates":[6.0329631,44.044212]},"properties":{"commune":"Inconnue","numero":"22","type_hydrant":"pillar","etat":"Opérationnel"}},{"type":"Feature","geometry":{"type":"Point","coordinates":[6.0298667,44.0449439]},"properties":{"commune":"Inconnue","numero":"07","type_hydrant":"pillar","etat":"Opérationnel"}},{"type":"Feature","geometry":{"type":"Point","coordinates":[6.7287506,44.4134524]},"properties":{"commune":"Inconnue","numero":"10779218893","type_hydrant":"pillar","etat":"Opérationnel"}},{"type":"Feature","geometry":{"type":"Point","coordinates":[6.7369862,44.4242976]},"properties":{"commune":"Inconnue","numero":"10779259319","type_hydrant":"pillar","etat":"Opérationnel"}},{"type":"Feature","geometry":{"type":"Point","coordinates":[6.0311103,44.0469442]},"properties":{"commune":"Inconnue","numero":"14","type_hydrant":"pillar","etat":"Opérationnel"}},{"type":"Feature","geometry":{"type":"Point","coordinates":[6.7057258,44.4064192]},"properties":{"commune":"Inconnue","numero":"10782416251","type_hydrant":"pillar","etat":"Opérationnel"}},{"type":"Feature","geometry":{"type":"Point","coordinates":[6.7193878,44.4073144]},"properties":{"commune":"Inconnue","numero":"10786931099","type_hydrant":"pillar","etat":"Opérationnel"}},{"type":"Feature","geometry":{"type":"Point","coordinates":[6.7361007,44.4185927]},"properties":{"commune":"Inconnue","numero":"10796755677","type_hydrant":"pillar","etat":"Opérationnel"}},{"type":"Feature","geometry":{"type":"Point","coordinates":[6.3040375,44.1614204]},"properties":{"commune":"Inconnue","numero":"10797719698","type_hydrant":"pillar","etat":"Opérationnel"}},{"type":"Feature","geometry":{"type":"Point","coordinates":[6.2960525,44.1504438]},"properties":{"commune":"Inconnue","numero":"10797746278","type_hydrant":"pillar","etat":"Opérationnel"}},{"type":"Feature","geometry":{"type":"Point","coordinates":[6.2966644,44.1528584]},"properties":{"commune":"Inconnue","numero":"10797753491","type_hydrant":"pillar","etat":"Opérationnel"}},{"type":"Feature","geometry":{"type":"Point","coordinates":[6.2953116,44.1447754]},"properties":{"commune":"Inconnue","numero":"10797760346","type_hydrant":"pillar","etat":"Opérationnel"}},{"type":"Feature","geometry":{"type":"Point","coordinates":[6.2988339,44.1618357]},"properties":{"commune":"Inconnue","numero":"036008","type_hydrant":"pillar","etat":"Opérationnel"}},{"type":"Feature","geometry":{"type":"Point","coordinates":[6.2901296,44.1586533]},"properties":{"commune":"Inconnue","numero":"036010","type_hydrant":"pillar","etat":"Opérationnel"}},{"type":"Feature","geometry":{"type":"Point","coordinates":[6.3531368,44.4420054]},"properties":{"commune":"Inconnue","numero":"54","type_hydrant":"pillar","etat":"Opérationnel"}},{"type":"Feature","geometry":{"type":"Point","coordinates":[6.6276383,44.3742255]},"properties":{"commune":"Inconnue","numero":"10815287440","type_hydrant":"pillar","etat":"Opérationnel"}},{"type":"Feature","geometry":{"type":"Point","coordinates":[5.9537971,44.1204484]},"properties":{"commune":"Inconnue","numero":"10819375066","type_hydrant":"pillar","etat":"Opérationnel"}},{"type":"Feature","geometry":{"type":"Point","coordinates":[5.9641911,44.1306006]},"properties":{"commune":"Inconnue","numero":"10819910482","type_hydrant":"pillar","etat":"Opérationnel"}},{"type":"Feature","geometry":{"type":"Point","coordinates":[5.9690462,44.1301923]},"properties":{"commune":"Inconnue","numero":"10819952205","type_hydrant":"pillar","etat":"Opérationnel"}},{"type":"Feature","geometry":{"type":"Point","coordinates":[5.9711519,44.1318368]},"properties":{"commune":"Inconnue","numero":"10819952274","type_hydrant":"pillar","etat":"Opérationnel"}},{"type":"Feature","geometry":{"type":"Point","coordinates":[6.0390005,44.2416723]},"properties":{"commune":"Inconnue","numero":"10820127712","type_hydrant":"pillar","etat":"Opérationnel"}},{"type":"Feature","geometry":{"type":"Point","coordinates":[6.0308416,44.234466]},"properties":{"commune":"Inconnue","numero":"10820127715","type_hydrant":"pillar","etat":"Opérationnel"}},{"type":"Feature","geometry":{"type":"Point","coordinates":[6.0666487,44.2428607]},"properties":{"commune":"Inconnue","numero":"10820127725","type_hydrant":"pillar","etat":"Opérationnel"}},{"type":"Feature","geometry":{"type":"Point","coordinates":[5.8021888,43.8354075]},"properties":{"commune":"Inconnue","numero":"112266","type_hydrant":"pillar","etat":"Opérationnel"}},{"type":"Feature","geometry":{"type":"Point","coordinates":[5.8028366,43.8348852]},"properties":{"commune":"Inconnue","numero":"112267","type_hydrant":"pillar","etat":"Opérationnel"}},{"type":"Feature","geometry":{"type":"Point","coordinates":[5.9822486,44.1580371]},"properties":{"commune":"Inconnue","numero":"58","type_hydrant":"pillar","etat":"Opérationnel"}},{"type":"Feature","geometry":{"type":"Point","coordinates":[5.9666612,44.1698505]},"properties":{"commune":"Inconnue","numero":"10827688769","type_hydrant":"pillar","etat":"Opérationnel"}},{"type":"Feature","geometry":{"type":"Point","coordinates":[5.972136,44.1521513]},"properties":{"commune":"Inconnue","numero":"10827694005","type_hydrant":"pillar","etat":"Opérationnel"}},{"type":"Feature","geometry":{"type":"Point","coordinates":[5.9696307,44.1551829]},"properties":{"commune":"Inconnue","numero":"10827694026","type_hydrant":"pillar","etat":"Opérationnel"}},{"type":"Feature","geometry":{"type":"Point","coordinates":[5.9771824,44.1588855]},"properties":{"commune":"Inconnue","numero":"10827766834","type_hydrant":"pillar","etat":"Opérationnel"}},{"type":"Feature","geometry":{"type":"Point","coordinates":[5.9358443,44.1828725]},"properties":{"commune":"Inconnue","numero":"10836792630","type_hydrant":"pillar","etat":"Opérationnel"}},{"type":"Feature","geometry":{"type":"Point","coordinates":[5.93918,44.1830279]},"properties":{"commune":"Inconnue","numero":"10836792631","type_hydrant":"pillar","etat":"Opérationnel"}},{"type":"Feature","geometry":{"type":"Point","coordinates":[5.9289535,44.1897521]},"properties":{"commune":"Inconnue","numero":"47","type_hydrant":"pillar","etat":"Opérationnel"}},{"type":"Feature","geometry":{"type":"Point","coordinates":[5.9259176,44.1890317]},"properties":{"commune":"Inconnue","numero":"177","type_hydrant":"pillar","etat":"Opérationnel"}},{"type":"Feature","geometry":{"type":"Point","coordinates":[5.9293654,44.1886564]},"properties":{"commune":"Inconnue","numero":"89","type_hydrant":"pillar","etat":"Opérationnel"}},{"type":"Feature","geometry":{"type":"Point","coordinates":[5.9373372,44.1884035]},"properties":{"commune":"Inconnue","numero":"214","type_hydrant":"pillar","etat":"Opérationnel"}},{"type":"Feature","geometry":{"type":"Point","coordinates":[5.9393072,44.184858]},"properties":{"commune":"Inconnue","numero":"209039","type_hydrant":"pillar","etat":"Opérationnel"}},{"type":"Feature","geometry":{"type":"Point","coordinates":[5.9468355,44.2047385]},"properties":{"commune":"Inconnue","numero":"10837894484","type_hydrant":"pillar","etat":"Opérationnel"}},{"type":"Feature","geometry":{"type":"Point","coordinates":[5.9381869,44.2229615]},"properties":{"commune":"Inconnue","numero":"209030","type_hydrant":"pillar","etat":"Opérationnel"}},{"type":"Feature","geometry":{"type":"Point","coordinates":[5.9392729,44.2181932]},"properties":{"commune":"Inconnue","numero":"10837910505","type_hydrant":"pillar","etat":"Opérationnel"}},{"type":"Feature","geometry":{"type":"Point","coordinates":[5.9373215,44.2261559]},"properties":{"commune":"Inconnue","numero":"10837910508","type_hydrant":"pillar","etat":"Opérationnel"}},{"type":"Feature","geometry":{"type":"Point","coordinates":[5.947532,44.1916279]},"properties":{"commune":"Inconnue","numero":"10837910523","type_hydrant":"pillar","etat":"Opérationnel"}},{"type":"Feature","geometry":{"type":"Point","coordinates":[5.9475844,44.1891803]},"properties":{"commune":"Inconnue","numero":"10837910535","type_hydrant":"pillar","etat":"Opérationnel"}},{"type":"Feature","geometry":{"type":"Point","coordinates":[5.9495661,44.1846677]},"properties":{"commune":"Inconnue","numero":"209022","type_hydrant":"pillar","etat":"Opérationnel"}},{"type":"Feature","geometry":{"type":"Point","coordinates":[5.9452007,44.1821401]},"properties":{"commune":"Inconnue","numero":"209013","type_hydrant":"pillar","etat":"Opérationnel"}},{"type":"Feature","geometry":{"type":"Point","coordinates":[5.9970248,44.1295031]},"properties":{"commune":"Inconnue","numero":"244 012","type_hydrant":"pillar","etat":"Opérationnel"}},{"type":"Feature","geometry":{"type":"Point","coordinates":[5.9213495,44.3187775]},"properties":{"commune":"Inconnue","numero":"216003","type_hydrant":"pillar","etat":"Opérationnel"}},{"type":"Feature","geometry":{"type":"Point","coordinates":[5.9579516,44.2883889]},"properties":{"commune":"Inconnue","numero":"233001","type_hydrant":"pillar","etat":"Opérationnel"}},{"type":"Feature","geometry":{"type":"Point","coordinates":[5.962988,44.2577432]},"properties":{"commune":"Inconnue","numero":"10870376396","type_hydrant":"pillar","etat":"Opérationnel"}},{"type":"Feature","geometry":{"type":"Point","coordinates":[6.0699042,44.3229481]},"properties":{"commune":"Inconnue","numero":"10873134632","type_hydrant":"pillar","etat":"Opérationnel"}},{"type":"Feature","geometry":{"type":"Point","coordinates":[6.1598811,44.4188774]},"properties":{"commune":"Inconnue","numero":"093001","type_hydrant":"PI","etat":"Opérationnel"}},{"type":"Feature","geometry":{"type":"Point","coordinates":[6.1611887,44.4186704]},"properties":{"commune":"Inconnue","numero":"093002","type_hydrant":"pillar","etat":"Opérationnel"}},{"type":"Feature","geometry":{"type":"Point","coordinates":[6.2094502,44.4010712]},"properties":{"commune":"Inconnue","numero":"10873476573","type_hydrant":"pillar","etat":"Opérationnel"}},{"type":"Feature","geometry":{"type":"Point","coordinates":[6.2091805,44.4012531]},"properties":{"commune":"Inconnue","numero":"026006","type_hydrant":"pillar","etat":"Opérationnel"}},{"type":"Feature","geometry":{"type":"Point","coordinates":[6.0683587,44.3215875]},"properties":{"commune":"Inconnue","numero":"057001","type_hydrant":"pillar","etat":"Opérationnel"}},{"type":"Feature","geometry":{"type":"Point","coordinates":[6.0156246,44.3326356]},"properties":{"commune":"Inconnue","numero":"10894932466","type_hydrant":"pillar","etat":"Opérationnel"}},{"type":"Feature","geometry":{"type":"Point","coordinates":[6.1263088,43.8613501]},"properties":{"commune":"Inconnue","numero":"10902596367","type_hydrant":"pillar","etat":"Opérationnel"}},{"type":"Feature","geometry":{"type":"Point","coordinates":[5.8090406,43.8300338]},"properties":{"commune":"Inconnue","numero":"112440","type_hydrant":"pillar","etat":"Opérationnel"}},{"type":"Feature","geometry":{"type":"Point","coordinates":[5.7680921,43.7962147]},"properties":{"commune":"Inconnue","numero":"98","type_hydrant":"pillar","etat":"Opérationnel"}},{"type":"Feature","geometry":{"type":"Point","coordinates":[5.7672874,43.7960528]},"properties":{"commune":"Inconnue","numero":"97","type_hydrant":"pillar","etat":"Opérationnel"}},{"type":"Feature","geometry":{"type":"Point","coordinates":[5.7653544,43.7961719]},"properties":{"commune":"Inconnue","numero":"11033021477","type_hydrant":"pillar","etat":"Opérationnel"}},{"type":"Feature","geometry":{"type":"Point","coordinates":[5.7661885,43.7943483]},"properties":{"commune":"Inconnue","numero":"65","type_hydrant":"pillar","etat":"Opérationnel"}},{"type":"Feature","geometry":{"type":"Point","coordinates":[5.7696095,43.7955892]},"properties":{"commune":"Inconnue","numero":"11033021485","type_hydrant":"pillar","etat":"Opérationnel"}},{"type":"Feature","geometry":{"type":"Point","coordinates":[5.7680554,43.7936231]},"properties":{"commune":"Inconnue","numero":"11033021488","type_hydrant":"pillar","etat":"Opérationnel"}},{"type":"Feature","geometry":{"type":"Point","coordinates":[5.7671125,43.7945317]},"properties":{"commune":"Inconnue","numero":"11033021489","type_hydrant":"pillar","etat":"Opérationnel"}},{"type":"Feature","geometry":{"type":"Point","coordinates":[5.7692752,43.7921586]},"properties":{"commune":"Inconnue","numero":"11033021493","type_hydrant":"pillar","etat":"Opérationnel"}},{"type":"Feature","geometry":{"type":"Point","coordinates":[5.7702873,43.7928206]},"properties":{"commune":"Inconnue","numero":"11033021494","type_hydrant":"pillar","etat":"Opérationnel"}},{"type":"Feature","geometry":{"type":"Point","coordinates":[5.7694587,43.7914597]},"properties":{"commune":"Inconnue","numero":"46","type_hydrant":"pillar","etat":"Opérationnel"}},{"type":"Feature","geometry":{"type":"Point","coordinates":[5.7543014,43.8034327]},"properties":{"commune":"Inconnue","numero":"11033905312","type_hydrant":"pillar","etat":"Opérationnel"}},{"type":"Feature","geometry":{"type":"Point","coordinates":[5.7438954,43.817726]},"properties":{"commune":"Inconnue","numero":"11033959684","type_hydrant":"pillar","etat":"Opérationnel"}},{"type":"Feature","geometry":{"type":"Point","coordinates":[5.7456098,43.8166175]},"properties":{"commune":"Inconnue","numero":"152020","type_hydrant":"pillar","etat":"Opérationnel"}},{"type":"Feature","geometry":{"type":"Point","coordinates":[5.7515303,43.8102371]},"properties":{"commune":"Inconnue","numero":"152033","type_hydrant":"pillar","etat":"Opérationnel"}},{"type":"Feature","geometry":{"type":"Point","coordinates":[5.7467425,43.8164558]},"properties":{"commune":"Inconnue","numero":"21","type_hydrant":"pillar","etat":"Opérationnel"}},{"type":"Feature","geometry":{"type":"Point","coordinates":[5.7476591,43.8168627]},"properties":{"commune":"Inconnue","numero":"11034000244","type_hydrant":"pillar","etat":"Opérationnel"}},{"type":"Feature","geometry":{"type":"Point","coordinates":[5.7969434,43.8249256]},"properties":{"commune":"Inconnue","numero":"224","type_hydrant":"pillar","etat":"Opérationnel"}},{"type":"Feature","geometry":{"type":"Point","coordinates":[5.795257,43.8289457]},"properties":{"commune":"Inconnue","numero":"437","type_hydrant":"pillar","etat":"Opérationnel"}},{"type":"Feature","geometry":{"type":"Point","coordinates":[5.7757236,43.7911034]},"properties":{"commune":"Inconnue","numero":"64","type_hydrant":"pillar","etat":"Opérationnel"}},{"type":"Feature","geometry":{"type":"Point","coordinates":[5.7701811,43.7880942]},"properties":{"commune":"Inconnue","numero":"11037168414","type_hydrant":"pillar","etat":"Opérationnel"}},{"type":"Feature","geometry":{"type":"Point","coordinates":[5.7714469,43.789958]},"properties":{"commune":"Inconnue","numero":"11037168419","type_hydrant":"pillar","etat":"Opérationnel"}},{"type":"Feature","geometry":{"type":"Point","coordinates":[5.7710479,43.7887808]},"properties":{"commune":"Inconnue","numero":"11037168424","type_hydrant":"pillar","etat":"Opérationnel"}},{"type":"Feature","geometry":{"type":"Point","coordinates":[5.7660396,43.7856848]},"properties":{"commune":"Inconnue","numero":"6","type_hydrant":"pillar","etat":"Opérationnel"}},{"type":"Feature","geometry":{"type":"Point","coordinates":[5.7653252,43.7863609]},"properties":{"commune":"Inconnue","numero":"197029","type_hydrant":"pillar","etat":"Opérationnel"}},{"type":"Feature","geometry":{"type":"Point","coordinates":[5.7688844,43.7872336]},"properties":{"commune":"Inconnue","numero":"11037228805","type_hydrant":"pillar","etat":"Opérationnel"}},{"type":"Feature","geometry":{"type":"Point","coordinates":[5.7665783,43.7909092]},"properties":{"commune":"Inconnue","numero":"11037270834","type_hydrant":"pillar","etat":"Opérationnel"}},{"type":"Feature","geometry":{"type":"Point","coordinates":[5.7707153,43.7924452]},"properties":{"commune":"Inconnue","numero":"11037270855","type_hydrant":"pillar","etat":"Opérationnel"}},{"type":"Feature","geometry":{"type":"Point","coordinates":[5.8136185,43.8045188]},"properties":{"commune":"Inconnue","numero":"112372","type_hydrant":"pillar","etat":"Opérationnel"}},{"type":"Feature","geometry":{"type":"Point","coordinates":[5.8089898,43.8013097]},"properties":{"commune":"Inconnue","numero":"387","type_hydrant":"pillar","etat":"Opérationnel"}},{"type":"Feature","geometry":{"type":"Point","coordinates":[5.8076491,43.7999477]},"properties":{"commune":"Inconnue","numero":"112421","type_hydrant":"pillar","etat":"Opérationnel"}},{"type":"Feature","geometry":{"type":"Point","coordinates":[5.8081857,43.7994423]},"properties":{"commune":"Inconnue","numero":"112422","type_hydrant":"pillar","etat":"Opérationnel"}},{"type":"Feature","geometry":{"type":"Point","coordinates":[5.8091651,43.7985093]},"properties":{"commune":"Inconnue","numero":"112423","type_hydrant":"pillar","etat":"Opérationnel"}},{"type":"Feature","geometry":{"type":"Point","coordinates":[5.8102745,43.7997112]},"properties":{"commune":"Inconnue","numero":"112424","type_hydrant":"pillar","etat":"Opérationnel"}},{"type":"Feature","geometry":{"type":"Point","coordinates":[5.8173544,43.801041]},"properties":{"commune":"Inconnue","numero":"311","type_hydrant":"pillar","etat":"Opérationnel"}},{"type":"Feature","geometry":{"type":"Point","coordinates":[5.8149655,43.7936729]},"properties":{"commune":"Inconnue","numero":"11037834165","type_hydrant":"pillar","etat":"Opérationnel"}},{"type":"Feature","geometry":{"type":"Point","coordinates":[5.7824213,43.8314588]},"properties":{"commune":"Inconnue","numero":"401","type_hydrant":"pillar","etat":"Opérationnel"}},{"type":"Feature","geometry":{"type":"Point","coordinates":[5.7620591,43.7853165]},"properties":{"commune":"Inconnue","numero":"11048291414","type_hydrant":"pillar","etat":"Opérationnel"}},{"type":"Feature","geometry":{"type":"Point","coordinates":[5.7577979,43.7867742]},"properties":{"commune":"Inconnue","numero":"11048291428","type_hydrant":"pillar","etat":"Opérationnel"}},{"type":"Feature","geometry":{"type":"Point","coordinates":[5.7599225,43.7853584]},"properties":{"commune":"Inconnue","numero":"11048291439","type_hydrant":"pillar","etat":"Opérationnel"}},{"type":"Feature","geometry":{"type":"Point","coordinates":[5.7608437,43.7913377]},"properties":{"commune":"Inconnue","numero":"21","type_hydrant":"pillar","etat":"Opérationnel"}},{"type":"Feature","geometry":{"type":"Point","coordinates":[5.7605414,43.7900815]},"properties":{"commune":"Inconnue","numero":"53","type_hydrant":"pillar","etat":"Opérationnel"}},{"type":"Feature","geometry":{"type":"Point","coordinates":[5.7657522,43.7883685]},"properties":{"commune":"Inconnue","numero":"22","type_hydrant":"pillar","etat":"Opérationnel"}},{"type":"Feature","geometry":{"type":"Point","coordinates":[5.7588135,43.7840113]},"properties":{"commune":"Inconnue","numero":"11049362912","type_hydrant":"pillar","etat":"Opérationnel"}},{"type":"Feature","geometry":{"type":"Point","coordinates":[5.762803,43.7810224]},"properties":{"commune":"Inconnue","numero":"11049362921","type_hydrant":"pillar","etat":"Opérationnel"}},{"type":"Feature","geometry":{"type":"Point","coordinates":[5.7536239,43.7629573]},"properties":{"commune":"Inconnue","numero":"063006","type_hydrant":"pillar","etat":"Opérationnel"}},{"type":"Feature","geometry":{"type":"Point","coordinates":[5.7896023,43.8180186]},"properties":{"commune":"Inconnue","numero":"11063029910","type_hydrant":"pillar","etat":"Opérationnel"}},{"type":"Feature","geometry":{"type":"Point","coordinates":[5.7882792,43.8205835]},"properties":{"commune":"Inconnue","numero":"237","type_hydrant":"pillar","etat":"Opérationnel"}},{"type":"Feature","geometry":{"type":"Point","coordinates":[5.7895685,43.8268874]},"properties":{"commune":"Inconnue","numero":"112206","type_hydrant":"pillar","etat":"Opérationnel"}},{"type":"Feature","geometry":{"type":"Point","coordinates":[5.7881372,43.8273971]},"properties":{"commune":"Inconnue","numero":"112381","type_hydrant":"pillar","etat":"Opérationnel"}},{"type":"Feature","geometry":{"type":"Point","coordinates":[5.7670803,43.9508908]},"properties":{"commune":"Inconnue","numero":"088079","type_hydrant":"pillar","etat":"Opérationnel"}},{"type":"Feature","geometry":{"type":"Point","coordinates":[5.7685352,43.9520841]},"properties":{"commune":"Inconnue","numero":"088027","type_hydrant":"pillar","etat":"Opérationnel"}},{"type":"Feature","geometry":{"type":"Point","coordinates":[5.7687132,43.9557852]},"properties":{"commune":"Inconnue","numero":"088022","type_hydrant":"pillar","etat":"Opérationnel"}},{"type":"Feature","geometry":{"type":"Point","coordinates":[5.768707,43.9564286]},"properties":{"commune":"Inconnue","numero":"088023","type_hydrant":"pillar","etat":"Opérationnel"}},{"type":"Feature","geometry":{"type":"Point","coordinates":[5.7677793,43.9566392]},"properties":{"commune":"Inconnue","numero":"088024","type_hydrant":"pillar","etat":"Opérationnel"}},{"type":"Feature","geometry":{"type":"Point","coordinates":[5.7666211,43.9564961]},"properties":{"commune":"Inconnue","numero":"088026","type_hydrant":"pillar","etat":"Opérationnel"}},{"type":"Feature","geometry":{"type":"Point","coordinates":[5.7670073,43.9552845]},"properties":{"commune":"Inconnue","numero":"088025","type_hydrant":"pillar","etat":"Opérationnel"}},{"type":"Feature","geometry":{"type":"Point","coordinates":[5.7651169,43.9533394]},"properties":{"commune":"Inconnue","numero":"088028","type_hydrant":"pillar","etat":"Opérationnel"}},{"type":"Feature","geometry":{"type":"Point","coordinates":[5.7669234,43.9530514]},"properties":{"commune":"Inconnue","numero":"088029","type_hydrant":"pillar","etat":"Opérationnel"}},{"type":"Feature","geometry":{"type":"Point","coordinates":[5.7715482,43.9482228]},"properties":{"commune":"Inconnue","numero":"088032","type_hydrant":"pillar","etat":"Opérationnel"}},{"type":"Feature","geometry":{"type":"Point","coordinates":[5.8007499,43.8326733]},"properties":{"commune":"Inconnue","numero":"11077186629","type_hydrant":"pillar","etat":"Opérationnel"}},{"type":"Feature","geometry":{"type":"Point","coordinates":[5.7910203,43.829011]},"properties":{"commune":"Inconnue","numero":"112220","type_hydrant":"pillar","etat":"Opérationnel"}},{"type":"Feature","geometry":{"type":"Point","coordinates":[5.7792228,43.8365057]},"properties":{"commune":"Inconnue","numero":"121","type_hydrant":"pillar","etat":"Opérationnel"}},{"type":"Feature","geometry":{"type":"Point","coordinates":[5.7751256,43.8381444]},"properties":{"commune":"Inconnue","numero":"112025","type_hydrant":"pillar","etat":"Opérationnel"}},{"type":"Feature","geometry":{"type":"Point","coordinates":[5.7744192,43.8389208]},"properties":{"commune":"Inconnue","numero":"23","type_hydrant":"pillar","etat":"Opérationnel"}},{"type":"Feature","geometry":{"type":"Point","coordinates":[5.7732988,43.8380764]},"properties":{"commune":"Inconnue","numero":"24","type_hydrant":"pillar","etat":"Opérationnel"}},{"type":"Feature","geometry":{"type":"Point","coordinates":[5.7721834,43.8232546]},"properties":{"commune":"Inconnue","numero":"369","type_hydrant":"pillar","etat":"Opérationnel"}},{"type":"Feature","geometry":{"type":"Point","coordinates":[5.7166136,43.9074077]},"properties":{"commune":"Inconnue","numero":"11090173674","type_hydrant":"pillar","etat":"Opérationnel"}},{"type":"Feature","geometry":{"type":"Point","coordinates":[5.7950559,43.9036169]},"properties":{"commune":"Inconnue","numero":"188002","type_hydrant":"pillar","etat":"Opérationnel"}},{"type":"Feature","geometry":{"type":"Point","coordinates":[5.7951242,43.9046745]},"properties":{"commune":"Inconnue","numero":"188015","type_hydrant":"pillar","etat":"Opérationnel"}},{"type":"Feature","geometry":{"type":"Point","coordinates":[5.7995708,43.9024556]},"properties":{"commune":"Inconnue","numero":"11091337205","type_hydrant":"pillar","etat":"Opérationnel"}},{"type":"Feature","geometry":{"type":"Point","coordinates":[5.844212,43.8856096]},"properties":{"commune":"Inconnue","numero":"245 002","type_hydrant":"pillar","etat":"Opérationnel"}},{"type":"Feature","geometry":{"type":"Point","coordinates":[5.8450263,43.8822068]},"properties":{"commune":"Inconnue","numero":"045 003","type_hydrant":"pillar","etat":"Opérationnel"}},{"type":"Feature","geometry":{"type":"Point","coordinates":[5.8442007,43.8792027]},"properties":{"commune":"Inconnue","numero":"045 004","type_hydrant":"pillar","etat":"Opérationnel"}},{"type":"Feature","geometry":{"type":"Point","coordinates":[5.8456532,43.8785601]},"properties":{"commune":"Inconnue","numero":"045 073","type_hydrant":"pillar","etat":"Opérationnel"}},{"type":"Feature","geometry":{"type":"Point","coordinates":[5.8429904,43.8749629]},"properties":{"commune":"Inconnue","numero":"045 019","type_hydrant":"pillar","etat":"Opérationnel"}},{"type":"Feature","geometry":{"type":"Point","coordinates":[5.8417716,43.8649408]},"properties":{"commune":"Inconnue","numero":"045 067","type_hydrant":"pillar","etat":"Opérationnel"}},{"type":"Feature","geometry":{"type":"Point","coordinates":[5.8377426,43.8621279]},"properties":{"commune":"Inconnue","numero":"045 069","type_hydrant":"pillar","etat":"Opérationnel"}},{"type":"Feature","geometry":{"type":"Point","coordinates":[5.8489012,43.8697553]},"properties":{"commune":"Inconnue","numero":"245 060","type_hydrant":"pillar","etat":"Opérationnel"}},{"type":"Feature","geometry":{"type":"Point","coordinates":[5.8493975,43.8675899]},"properties":{"commune":"Inconnue","numero":"245 076","type_hydrant":"pillar","etat":"Opérationnel"}},{"type":"Feature","geometry":{"type":"Point","coordinates":[5.8460786,43.863203]},"properties":{"commune":"Inconnue","numero":"045 063","type_hydrant":"pillar","etat":"Opérationnel"}},{"type":"Feature","geometry":{"type":"Point","coordinates":[5.8387473,43.8681703]},"properties":{"commune":"Inconnue","numero":"245 052","type_hydrant":"pillar","etat":"Opérationnel"}},{"type":"Feature","geometry":{"type":"Point","coordinates":[5.8426528,43.8705068]},"properties":{"commune":"Inconnue","numero":"245 049","type_hydrant":"pillar","etat":"Opérationnel"}},{"type":"Feature","geometry":{"type":"Point","coordinates":[5.841728,43.8683008]},"properties":{"commune":"Inconnue","numero":"245 079","type_hydrant":"pillar","etat":"Opérationnel"}},{"type":"Feature","geometry":{"type":"Point","coordinates":[5.8432379,43.8688036]},"properties":{"commune":"Inconnue","numero":"245 055","type_hydrant":"pillar","etat":"Opérationnel"}},{"type":"Feature","geometry":{"type":"Point","coordinates":[5.8433555,43.8702781]},"properties":{"commune":"Inconnue","numero":"245 056","type_hydrant":"pillar","etat":"Opérationnel"}},{"type":"Feature","geometry":{"type":"Point","coordinates":[5.8420591,43.8726649]},"properties":{"commune":"Inconnue","numero":"245 030","type_hydrant":"pillar","etat":"Opérationnel"}},{"type":"Feature","geometry":{"type":"Point","coordinates":[5.8403339,43.872711]},"properties":{"commune":"Inconnue","numero":"245 032","type_hydrant":"pillar","etat":"Opérationnel"}},{"type":"Feature","geometry":{"type":"Point","coordinates":[5.8397208,43.872515]},"properties":{"commune":"Inconnue","numero":"245 033","type_hydrant":"pillar","etat":"Opérationnel"}},{"type":"Feature","geometry":{"type":"Point","coordinates":[5.8371666,43.8694178]},"properties":{"commune":"Inconnue","numero":"245 074","type_hydrant":"pillar","etat":"Opérationnel"}},{"type":"Feature","geometry":{"type":"Point","coordinates":[5.8369269,43.870326]},"properties":{"commune":"Inconnue","numero":"245 046","type_hydrant":"pillar","etat":"Opérationnel"}},{"type":"Feature","geometry":{"type":"Point","coordinates":[5.8419869,43.8715464]},"properties":{"commune":"Inconnue","numero":"045 048","type_hydrant":"pillar","etat":"Opérationnel"}},{"type":"Feature","geometry":{"type":"Point","coordinates":[5.8381026,43.8744227]},"properties":{"commune":"Inconnue","numero":"045 036","type_hydrant":"pillar","etat":"Opérationnel"}},{"type":"Feature","geometry":{"type":"Point","coordinates":[5.8398862,43.8769763]},"properties":{"commune":"Inconnue","numero":"045 037","type_hydrant":"pillar","etat":"Opérationnel"}},{"type":"Feature","geometry":{"type":"Point","coordinates":[5.8364831,43.8779781]},"properties":{"commune":"Inconnue","numero":"245 009","type_hydrant":"pillar","etat":"Opérationnel"}},{"type":"Feature","geometry":{"type":"Point","coordinates":[5.8377453,43.8803609]},"properties":{"commune":"Inconnue","numero":"245 008","type_hydrant":"pillar","etat":"Opérationnel"}},{"type":"Feature","geometry":{"type":"Point","coordinates":[5.8382031,43.8795206]},"properties":{"commune":"Inconnue","numero":"245 011","type_hydrant":"pillar","etat":"Opérationnel"}},{"type":"Feature","geometry":{"type":"Point","coordinates":[5.8384804,43.8799809]},"properties":{"commune":"Inconnue","numero":"245 012","type_hydrant":"pillar","etat":"Opérationnel"}},{"type":"Feature","geometry":{"type":"Point","coordinates":[5.8407357,43.8792335]},"properties":{"commune":"Inconnue","numero":"245 013","type_hydrant":"pillar","etat":"Opérationnel"}},{"type":"Feature","geometry":{"type":"Point","coordinates":[5.8416575,43.8795408]},"properties":{"commune":"Inconnue","numero":"11147735743","type_hydrant":"pillar","etat":"Opérationnel"}},{"type":"Feature","geometry":{"type":"Point","coordinates":[5.8419902,43.8784469]},"properties":{"commune":"Inconnue","numero":"245 014","type_hydrant":"pillar","etat":"Opérationnel"}},{"type":"Feature","geometry":{"type":"Point","coordinates":[5.8423483,43.8789449]},"properties":{"commune":"Inconnue","numero":"245 015","type_hydrant":"pillar","etat":"Opérationnel"}},{"type":"Feature","geometry":{"type":"Point","coordinates":[5.8421916,43.8796464]},"properties":{"commune":"Inconnue","numero":"11147751581","type_hydrant":"pillar","etat":"Opérationnel"}},{"type":"Feature","geometry":{"type":"Point","coordinates":[5.8429758,43.8796386]},"properties":{"commune":"Inconnue","numero":"245 005","type_hydrant":"pillar","etat":"Opérationnel"}},{"type":"Feature","geometry":{"type":"Point","coordinates":[5.8367266,43.8965659]},"properties":{"commune":"Inconnue","numero":"245 001","type_hydrant":"pillar","etat":"Opérationnel"}},{"type":"Feature","geometry":{"type":"Point","coordinates":[5.8429388,43.8784569]},"properties":{"commune":"Inconnue","numero":"245 016","type_hydrant":"pillar","etat":"Opérationnel"}},{"type":"Feature","geometry":{"type":"Point","coordinates":[5.8446744,43.8771314]},"properties":{"commune":"Inconnue","numero":"245 022","type_hydrant":"pillar","etat":"Opérationnel"}},{"type":"Feature","geometry":{"type":"Point","coordinates":[5.8449214,43.8762503]},"properties":{"commune":"Inconnue","numero":"245 021","type_hydrant":"pillar","etat":"Opérationnel"}},{"type":"Feature","geometry":{"type":"Point","coordinates":[5.8441631,43.8759395]},"properties":{"commune":"Inconnue","numero":"245 020","type_hydrant":"pillar","etat":"Opérationnel"}},{"type":"Feature","geometry":{"type":"Point","coordinates":[5.8416941,43.8773819]},"properties":{"commune":"Inconnue","numero":"245 036","type_hydrant":"pillar","etat":"Opérationnel"}},{"type":"Feature","geometry":{"type":"Point","coordinates":[5.8405254,43.8771015]},"properties":{"commune":"Inconnue","numero":"245 017","type_hydrant":"pillar","etat":"Opérationnel"}},{"type":"Feature","geometry":{"type":"Point","coordinates":[5.8412871,43.8754978]},"properties":{"commune":"Inconnue","numero":"245 025","type_hydrant":"pillar","etat":"Opérationnel"}},{"type":"Feature","geometry":{"type":"Point","coordinates":[5.8410695,43.8742608]},"properties":{"commune":"Inconnue","numero":"245 026","type_hydrant":"pillar","etat":"Opérationnel"}},{"type":"Feature","geometry":{"type":"Point","coordinates":[5.7719799,43.780748]},"properties":{"commune":"Inconnue","numero":"11147930821","type_hydrant":"pillar","etat":"Opérationnel"}},{"type":"Feature","geometry":{"type":"Point","coordinates":[6.7585617,44.5191593]},"properties":{"commune":"Inconnue","numero":"11157742390","type_hydrant":"PI","etat":"Opérationnel"}},{"type":"Feature","geometry":{"type":"Point","coordinates":[6.7759743,44.5304098]},"properties":{"commune":"Inconnue","numero":"11157823081","type_hydrant":"PI","etat":"Opérationnel"}},{"type":"Feature","geometry":{"type":"Point","coordinates":[5.767928,43.791648]},"properties":{"commune":"Inconnue","numero":"11164578578","type_hydrant":"pillar","etat":"Opérationnel"}},{"type":"Feature","geometry":{"type":"Point","coordinates":[5.7686979,43.7947814]},"properties":{"commune":"Inconnue","numero":"11164601947","type_hydrant":"pillar","etat":"Opérationnel"}},{"type":"Feature","geometry":{"type":"Point","coordinates":[6.6334464,43.885007]},"properties":{"commune":"Inconnue","numero":"11182863194","type_hydrant":"pillar","etat":"Opérationnel"}},{"type":"Feature","geometry":{"type":"Point","coordinates":[5.8922641,43.9262606]},"properties":{"commune":"Inconnue","numero":"11186179402","type_hydrant":"pillar","etat":"Opérationnel"}},{"type":"Feature","geometry":{"type":"Point","coordinates":[5.79416,43.8198694]},"properties":{"commune":"Inconnue","numero":"112436","type_hydrant":"pillar","etat":"Opérationnel"}},{"type":"Feature","geometry":{"type":"Point","coordinates":[6.2968816,44.4573489]},"properties":{"commune":"Inconnue","numero":"11248400197","type_hydrant":"PI","etat":"Opérationnel"}},{"type":"Feature","geometry":{"type":"Point","coordinates":[5.7337101,43.8103882]},"properties":{"commune":"Inconnue","numero":"87","type_hydrant":"pillar","etat":"Opérationnel"}},{"type":"Feature","geometry":{"type":"Point","coordinates":[5.7278884,43.8065828]},"properties":{"commune":"Inconnue","numero":"152093","type_hydrant":"pillar","etat":"Opérationnel"}},{"type":"Feature","geometry":{"type":"Point","coordinates":[5.7408967,43.812984]},"properties":{"commune":"Inconnue","numero":"152090","type_hydrant":"pillar","etat":"Opérationnel"}},{"type":"Feature","geometry":{"type":"Point","coordinates":[5.7455798,43.8145166]},"properties":{"commune":"Inconnue","numero":"96","type_hydrant":"pillar","etat":"Opérationnel"}},{"type":"Feature","geometry":{"type":"Point","coordinates":[5.7582347,43.8135777]},"properties":{"commune":"Inconnue","numero":"82","type_hydrant":"pillar","etat":"Opérationnel"}},{"type":"Feature","geometry":{"type":"Point","coordinates":[5.7505224,43.8149294]},"properties":{"commune":"Inconnue","numero":"91","type_hydrant":"pillar","etat":"Opérationnel"}},{"type":"Feature","geometry":{"type":"Point","coordinates":[5.7483746,43.8135578]},"properties":{"commune":"Inconnue","numero":"88","type_hydrant":"pillar","etat":"Opérationnel"}},{"type":"Feature","geometry":{"type":"Point","coordinates":[5.6030636,43.8569076]},"properties":{"commune":"Inconnue","numero":"045040","type_hydrant":"pillar","etat":"Opérationnel"}},{"type":"Feature","geometry":{"type":"Point","coordinates":[5.9673946,44.0449335]},"properties":{"commune":"Inconnue","numero":"11303527784","type_hydrant":"pillar","etat":"Opérationnel"}},{"type":"Feature","geometry":{"type":"Point","coordinates":[5.9665126,44.0436867]},"properties":{"commune":"Inconnue","numero":"11303527785","type_hydrant":"pillar","etat":"Opérationnel"}},{"type":"Feature","geometry":{"type":"Point","coordinates":[5.9647941,44.0425394]},"properties":{"commune":"Inconnue","numero":"149 056","type_hydrant":"pillar","etat":"Opérationnel"}},{"type":"Feature","geometry":{"type":"Point","coordinates":[5.7776424,43.9236987]},"properties":{"commune":"Inconnue","numero":"111032","type_hydrant":"pillar","etat":"Opérationnel"}},{"type":"Feature","geometry":{"type":"Point","coordinates":[5.7773329,43.9256939]},"properties":{"commune":"Inconnue","numero":"111030","type_hydrant":"pillar","etat":"Opérationnel"}},{"type":"Feature","geometry":{"type":"Point","coordinates":[5.7797183,43.9246084]},"properties":{"commune":"Inconnue","numero":"111031","type_hydrant":"pillar","etat":"Opérationnel"}},{"type":"Feature","geometry":{"type":"Point","coordinates":[5.7781317,43.9268448]},"properties":{"commune":"Inconnue","numero":"111028","type_hydrant":"pillar","etat":"Opérationnel"}},{"type":"Feature","geometry":{"type":"Point","coordinates":[5.7780094,43.8210046]},"properties":{"commune":"Inconnue","numero":"112420","type_hydrant":"pillar","etat":"Opérationnel"}},{"type":"Feature","geometry":{"type":"Point","coordinates":[5.7749667,43.821958]},"properties":{"commune":"Inconnue","numero":"79","type_hydrant":"pillar","etat":"Opérationnel"}},{"type":"Feature","geometry":{"type":"Point","coordinates":[5.772117,43.8299111]},"properties":{"commune":"Inconnue","numero":"112405","type_hydrant":"pillar","etat":"Opérationnel"}},{"type":"Feature","geometry":{"type":"Point","coordinates":[5.7579746,43.8286199]},"properties":{"commune":"Inconnue","numero":"112046","type_hydrant":"pillar","etat":"Opérationnel"}},{"type":"Feature","geometry":{"type":"Point","coordinates":[5.7629799,43.8281812]},"properties":{"commune":"Inconnue","numero":"56","type_hydrant":"pillar","etat":"Opérationnel"}},{"type":"Feature","geometry":{"type":"Point","coordinates":[5.7654069,43.8293601]},"properties":{"commune":"Inconnue","numero":"62","type_hydrant":"pillar","etat":"Opérationnel"}},{"type":"Feature","geometry":{"type":"Point","coordinates":[5.7654159,43.830459]},"properties":{"commune":"Inconnue","numero":"435","type_hydrant":"pillar","etat":"Opérationnel"}},{"type":"Feature","geometry":{"type":"Point","coordinates":[5.7685075,43.8289767]},"properties":{"commune":"Inconnue","numero":"64","type_hydrant":"pillar","etat":"Opérationnel"}},{"type":"Feature","geometry":{"type":"Point","coordinates":[5.7649076,43.8279718]},"properties":{"commune":"Inconnue","numero":"112057","type_hydrant":"pillar","etat":"Opérationnel"}},{"type":"Feature","geometry":{"type":"Point","coordinates":[5.7684125,43.8428805]},"properties":{"commune":"Inconnue","numero":"400","type_hydrant":"pillar","etat":"Opérationnel"}},{"type":"Feature","geometry":{"type":"Point","coordinates":[5.7791638,43.8449719]},"properties":{"commune":"Inconnue","numero":"370","type_hydrant":"pillar","etat":"Opérationnel"}},{"type":"Feature","geometry":{"type":"Point","coordinates":[5.7816808,43.8463326]},"properties":{"commune":"Inconnue","numero":"112441","type_hydrant":"pillar","etat":"Opérationnel"}},{"type":"Feature","geometry":{"type":"Point","coordinates":[5.778087,43.8423872]},"properties":{"commune":"Inconnue","numero":"10","type_hydrant":"pillar","etat":"Opérationnel"}},{"type":"Feature","geometry":{"type":"Point","coordinates":[5.7804619,43.8381632]},"properties":{"commune":"Inconnue","numero":"431","type_hydrant":"pillar","etat":"Opérationnel"}},{"type":"Feature","geometry":{"type":"Point","coordinates":[5.7809996,43.8386675]},"properties":{"commune":"Inconnue","numero":"406","type_hydrant":"pillar","etat":"Opérationnel"}},{"type":"Feature","geometry":{"type":"Point","coordinates":[5.7821096,43.8403958]},"properties":{"commune":"Inconnue","numero":"112097","type_hydrant":"pillar","etat":"Opérationnel"}},{"type":"Feature","geometry":{"type":"Point","coordinates":[5.7815903,43.841966]},"properties":{"commune":"Inconnue","numero":"98","type_hydrant":"pillar","etat":"Opérationnel"}},{"type":"Feature","geometry":{"type":"Point","coordinates":[5.7838774,43.8442461]},"properties":{"commune":"Inconnue","numero":"112099","type_hydrant":"pillar","etat":"Opérationnel"}},{"type":"Feature","geometry":{"type":"Point","coordinates":[5.7847657,43.8461471]},"properties":{"commune":"Inconnue","numero":"425","type_hydrant":"pillar","etat":"Opérationnel"}},{"type":"Feature","geometry":{"type":"Point","coordinates":[5.7873906,43.8473288]},"properties":{"commune":"Inconnue","numero":"11371118199","type_hydrant":"pillar","etat":"Opérationnel"}},{"type":"Feature","geometry":{"type":"Point","coordinates":[5.7832302,43.8452067]},"properties":{"commune":"Inconnue","numero":"112100","type_hydrant":"pillar","etat":"Opérationnel"}},{"type":"Feature","geometry":{"type":"Point","coordinates":[5.7819279,43.8458427]},"properties":{"commune":"Inconnue","numero":"102","type_hydrant":"pillar","etat":"Opérationnel"}},{"type":"Feature","geometry":{"type":"Point","coordinates":[5.7826421,43.8436168]},"properties":{"commune":"Inconnue","numero":"112101","type_hydrant":"pillar","etat":"Opérationnel"}},{"type":"Feature","geometry":{"type":"Point","coordinates":[5.7875858,43.8385588]},"properties":{"commune":"Inconnue","numero":"109","type_hydrant":"pillar","etat":"Opérationnel"}},{"type":"Feature","geometry":{"type":"Point","coordinates":[5.7789281,43.8334923]},"properties":{"commune":"Inconnue","numero":"412","type_hydrant":"pillar","etat":"Opérationnel"}},{"type":"Feature","geometry":{"type":"Point","coordinates":[5.7816948,43.8310615]},"properties":{"commune":"Inconnue","numero":"11375032350","type_hydrant":"pillar","etat":"Opérationnel"}},{"type":"Feature","geometry":{"type":"Point","coordinates":[5.7883467,43.8353754]},"properties":{"commune":"Inconnue","numero":"427","type_hydrant":"pillar","etat":"Opérationnel"}},{"type":"Feature","geometry":{"type":"Point","coordinates":[5.7939819,43.8328494]},"properties":{"commune":"Inconnue","numero":"112416","type_hydrant":"pillar","etat":"Opérationnel"}},{"type":"Feature","geometry":{"type":"Point","coordinates":[5.7583539,43.8119356]},"properties":{"commune":"Inconnue","numero":"11375183941","type_hydrant":"pillar","etat":"Opérationnel"}},{"type":"Feature","geometry":{"type":"Point","coordinates":[5.7512884,43.8112066]},"properties":{"commune":"Inconnue","numero":"67","type_hydrant":"pillar","etat":"Opérationnel"}},{"type":"Feature","geometry":{"type":"Point","coordinates":[5.7529719,43.8110508]},"properties":{"commune":"Inconnue","numero":"32","type_hydrant":"pillar","etat":"Opérationnel"}},{"type":"Feature","geometry":{"type":"Point","coordinates":[5.8632924,43.8922334]},"properties":{"commune":"Inconnue","numero":"242 048","type_hydrant":"pillar","etat":"Opérationnel"}},{"type":"Feature","geometry":{"type":"Point","coordinates":[5.8674072,43.8905527]},"properties":{"commune":"Inconnue","numero":"242 031","type_hydrant":"pillar","etat":"Opérationnel"}},{"type":"Feature","geometry":{"type":"Point","coordinates":[5.8603623,43.8864381]},"properties":{"commune":"Inconnue","numero":"242 045","type_hydrant":"pillar","etat":"Opérationnel"}},{"type":"Feature","geometry":{"type":"Point","coordinates":[5.856568,43.8854885]},"properties":{"commune":"Inconnue","numero":"242 060","type_hydrant":"pillar","etat":"Opérationnel"}},{"type":"Feature","geometry":{"type":"Point","coordinates":[5.8559261,43.8852287]},"properties":{"commune":"Inconnue","numero":"242 008","type_hydrant":"pillar","etat":"Opérationnel"}},{"type":"Feature","geometry":{"type":"Point","coordinates":[5.7817057,43.8321157]},"properties":{"commune":"Inconnue","numero":"116","type_hydrant":"pillar","etat":"Opérationnel"}},{"type":"Feature","geometry":{"type":"Point","coordinates":[5.8613759,43.8860507]},"properties":{"commune":"Inconnue","numero":"242 082","type_hydrant":"pillar","etat":"Opérationnel"}},{"type":"Feature","geometry":{"type":"Point","coordinates":[5.8587311,43.8866835]},"properties":{"commune":"Inconnue","numero":"242 046","type_hydrant":"pillar","etat":"Opérationnel"}},{"type":"Feature","geometry":{"type":"Point","coordinates":[5.858354,43.8876812]},"properties":{"commune":"Inconnue","numero":"242 047","type_hydrant":"pillar","etat":"Opérationnel"}},{"type":"Feature","geometry":{"type":"Point","coordinates":[5.8573523,43.8876337]},"properties":{"commune":"Inconnue","numero":"242 081","type_hydrant":"pillar","etat":"Opérationnel"}},{"type":"Feature","geometry":{"type":"Point","coordinates":[5.8011835,43.8275949]},"properties":{"commune":"Inconnue","numero":"112377","type_hydrant":"pillar","etat":"Opérationnel"}},{"type":"Feature","geometry":{"type":"Point","coordinates":[5.8606035,43.8871527]},"properties":{"commune":"Inconnue","numero":"242 044","type_hydrant":"pillar","etat":"Opérationnel"}},{"type":"Feature","geometry":{"type":"Point","coordinates":[5.8614975,43.8881965]},"properties":{"commune":"Inconnue","numero":"242 079","type_hydrant":"pillar","etat":"Opérationnel"}},{"type":"Feature","geometry":{"type":"Point","coordinates":[5.8732834,43.8869015]},"properties":{"commune":"Inconnue","numero":"242 004","type_hydrant":"pillar","etat":"Opérationnel"}},{"type":"Feature","geometry":{"type":"Point","coordinates":[5.8711056,43.8842601]},"properties":{"commune":"Inconnue","numero":"242 003","type_hydrant":"pillar","etat":"Opérationnel"}},{"type":"Feature","geometry":{"type":"Point","coordinates":[5.8751056,43.8890116]},"properties":{"commune":"Inconnue","numero":"242 073","type_hydrant":"pillar","etat":"Opérationnel"}},{"type":"Feature","geometry":{"type":"Point","coordinates":[5.8758206,43.8902772]},"properties":{"commune":"Inconnue","numero":"11455191497","type_hydrant":"pillar","etat":"Opérationnel"}},{"type":"Feature","geometry":{"type":"Point","coordinates":[5.8762358,43.8925651]},"properties":{"commune":"Inconnue","numero":"242 016","type_hydrant":"pillar","etat":"Opérationnel"}},{"type":"Feature","geometry":{"type":"Point","coordinates":[5.8776615,43.8811724]},"properties":{"commune":"Inconnue","numero":"242 017","type_hydrant":"pillar","etat":"Opérationnel"}},{"type":"Feature","geometry":{"type":"Point","coordinates":[5.8739002,43.8901877]},"properties":{"commune":"Inconnue","numero":"242 062","type_hydrant":"pillar","etat":"Opérationnel"}},{"type":"Feature","geometry":{"type":"Point","coordinates":[5.8699574,43.8862159]},"properties":{"commune":"Inconnue","numero":"242 066","type_hydrant":"pillar","etat":"Opérationnel"}},{"type":"Feature","geometry":{"type":"Point","coordinates":[5.8608034,43.8919346]},"properties":{"commune":"Inconnue","numero":"242 067","type_hydrant":"pillar","etat":"Opérationnel"}},{"type":"Feature","geometry":{"type":"Point","coordinates":[5.8611201,43.8945614]},"properties":{"commune":"Inconnue","numero":"242 042","type_hydrant":"pillar","etat":"Opérationnel"}},{"type":"Feature","geometry":{"type":"Point","coordinates":[5.862688,43.8978083]},"properties":{"commune":"Inconnue","numero":"242 080","type_hydrant":"pillar","etat":"Opérationnel"}},{"type":"Feature","geometry":{"type":"Point","coordinates":[5.8617571,43.898552]},"properties":{"commune":"Inconnue","numero":"242 010","type_hydrant":"pillar","etat":"Opérationnel"}},{"type":"Feature","geometry":{"type":"Point","coordinates":[5.8602797,43.8953626]},"properties":{"commune":"Inconnue","numero":"242 057","type_hydrant":"pillar","etat":"Opérationnel"}},{"type":"Feature","geometry":{"type":"Point","coordinates":[5.8576739,43.8973005]},"properties":{"commune":"Inconnue","numero":"242 011","type_hydrant":"pillar","etat":"Opérationnel"}},{"type":"Feature","geometry":{"type":"Point","coordinates":[5.8534332,43.8977812]},"properties":{"commune":"Inconnue","numero":"242 012","type_hydrant":"pillar","etat":"Opérationnel"}},{"type":"Feature","geometry":{"type":"Point","coordinates":[5.8574668,43.9004623]},"properties":{"commune":"Inconnue","numero":"242 078","type_hydrant":"pillar","etat":"Opérationnel"}},{"type":"Feature","geometry":{"type":"Point","coordinates":[5.8643011,43.9003417]},"properties":{"commune":"Inconnue","numero":"242 060","type_hydrant":"pillar","etat":"Opérationnel"}},{"type":"Feature","geometry":{"type":"Point","coordinates":[5.8655183,43.9028503]},"properties":{"commune":"Inconnue","numero":"242 029","type_hydrant":"pillar","etat":"Opérationnel"}},{"type":"Feature","geometry":{"type":"Point","coordinates":[5.8650922,43.8958001]},"properties":{"commune":"Inconnue","numero":"242 077","type_hydrant":"pillar","etat":"Opérationnel"}},{"type":"Feature","geometry":{"type":"Point","coordinates":[5.8631284,43.8936916]},"properties":{"commune":"Inconnue","numero":"242 040","type_hydrant":"pillar","etat":"Opérationnel"}},{"type":"Feature","geometry":{"type":"Point","coordinates":[5.873677,43.9009391]},"properties":{"commune":"Inconnue","numero":"11543748982","type_hydrant":"pillar","etat":"Opérationnel"}},{"type":"Feature","geometry":{"type":"Point","coordinates":[5.8692525,43.9000121]},"properties":{"commune":"Inconnue","numero":"242 036","type_hydrant":"pillar","etat":"Opérationnel"}},{"type":"Feature","geometry":{"type":"Point","coordinates":[5.8669786,43.8977513]},"properties":{"commune":"Inconnue","numero":"242 037","type_hydrant":"pillar","etat":"Opérationnel"}},{"type":"Feature","geometry":{"type":"Point","coordinates":[5.8650631,43.8954921]},"properties":{"commune":"Inconnue","numero":"11583907745","type_hydrant":"pillar","etat":"Opérationnel"}},{"type":"Feature","geometry":{"type":"Point","coordinates":[5.8703949,43.8932553]},"properties":{"commune":"Inconnue","numero":"242 021","type_hydrant":"pillar","etat":"Opérationnel"}},{"type":"Feature","geometry":{"type":"Point","coordinates":[5.8702936,43.8927866]},"properties":{"commune":"Inconnue","numero":"242 023","type_hydrant":"PI","etat":"Opérationnel"}},{"type":"Feature","geometry":{"type":"Point","coordinates":[5.8681331,43.8928804]},"properties":{"commune":"Inconnue","numero":"242 070","type_hydrant":"pillar","etat":"Opérationnel"}},{"type":"Feature","geometry":{"type":"Point","coordinates":[5.8553078,43.8731211]},"properties":{"commune":"Inconnue","numero":"242 001","type_hydrant":"pillar","etat":"Opérationnel"}},{"type":"Feature","geometry":{"type":"Point","coordinates":[6.8105753,43.9505767]},"properties":{"commune":"Inconnue","numero":"11607962726","type_hydrant":"pillar","etat":"Opérationnel"}},{"type":"Feature","geometry":{"type":"Point","coordinates":[5.9128767,44.2278404]},"properties":{"commune":"Inconnue","numero":"11630707102","type_hydrant":"PI","etat":"Opérationnel"}},{"type":"Feature","geometry":{"type":"Point","coordinates":[5.910705,44.2320266]},"properties":{"commune":"Inconnue","numero":"11645968965","type_hydrant":"PI","etat":"Opérationnel"}},{"type":"Feature","geometry":{"type":"Point","coordinates":[5.9119388,44.2312512]},"properties":{"commune":"Inconnue","numero":"11645975969","type_hydrant":"PI","etat":"Opérationnel"}},{"type":"Feature","geometry":{"type":"Point","coordinates":[5.838344,43.9359134]},"properties":{"commune":"Inconnue","numero":"11697342923","type_hydrant":"pillar","etat":"Opérationnel"}},{"type":"Feature","geometry":{"type":"Point","coordinates":[5.8374165,43.9357429]},"properties":{"commune":"Inconnue","numero":"11697372274","type_hydrant":"pillar","etat":"Opérationnel"}},{"type":"Feature","geometry":{"type":"Point","coordinates":[5.870266,43.901595]},"properties":{"commune":"Inconnue","numero":"242 072","type_hydrant":"pillar","etat":"Opérationnel"}},{"type":"Feature","geometry":{"type":"Point","coordinates":[5.8714714,43.9025543]},"properties":{"commune":"Inconnue","numero":"242 075","type_hydrant":"pillar","etat":"Opérationnel"}},{"type":"Feature","geometry":{"type":"Point","coordinates":[5.8722522,43.8986242]},"properties":{"commune":"Inconnue","numero":"242 030","type_hydrant":"pillar","etat":"Opérationnel"}},{"type":"Feature","geometry":{"type":"Point","coordinates":[5.8710709,43.8968967]},"properties":{"commune":"Inconnue","numero":"242 084","type_hydrant":"pillar","etat":"Opérationnel"}},{"type":"Feature","geometry":{"type":"Point","coordinates":[5.8695749,43.8968002]},"properties":{"commune":"Inconnue","numero":"242 035","type_hydrant":"pillar","etat":"Opérationnel"}},{"type":"Feature","geometry":{"type":"Point","coordinates":[5.8700778,43.898907]},"properties":{"commune":"Inconnue","numero":"242 034","type_hydrant":"pillar","etat":"Opérationnel"}},{"type":"Feature","geometry":{"type":"Point","coordinates":[5.8764961,43.8964671]},"properties":{"commune":"Inconnue","numero":"242 030","type_hydrant":"pillar","etat":"Opérationnel"}},{"type":"Feature","geometry":{"type":"Point","coordinates":[5.8737457,43.8978789]},"properties":{"commune":"Inconnue","numero":"242 064","type_hydrant":"pillar","etat":"Opérationnel"}},{"type":"Feature","geometry":{"type":"Point","coordinates":[5.8747546,43.8969733]},"properties":{"commune":"Inconnue","numero":"242 029","type_hydrant":"pillar","etat":"Opérationnel"}},{"type":"Feature","geometry":{"type":"Point","coordinates":[5.8738463,43.8990259]},"properties":{"commune":"Inconnue","numero":"242 065","type_hydrant":"pillar","etat":"Opérationnel"}},{"type":"Feature","geometry":{"type":"Point","coordinates":[5.8648882,43.8917501]},"properties":{"commune":"Inconnue","numero":"242 041","type_hydrant":"pillar","etat":"Opérationnel"}},{"type":"Feature","geometry":{"type":"Point","coordinates":[5.8628727,43.8945029]},"properties":{"commune":"Inconnue","numero":"242 039","type_hydrant":"pillar","etat":"Opérationnel"}},{"type":"Feature","geometry":{"type":"Point","coordinates":[5.8677743,43.8883193]},"properties":{"commune":"Inconnue","numero":"242 018","type_hydrant":"pillar","etat":"Opérationnel"}},{"type":"Feature","geometry":{"type":"Point","coordinates":[5.7864059,43.9581507]},"properties":{"commune":"Inconnue","numero":"11950894137","type_hydrant":"pillar","etat":"Opérationnel"}},{"type":"Feature","geometry":{"type":"Point","coordinates":[5.7828327,43.9589307]},"properties":{"commune":"Inconnue","numero":"68","type_hydrant":"pillar","etat":"Opérationnel"}},{"type":"Feature","geometry":{"type":"Point","coordinates":[5.7455969,43.8084629]},"properties":{"commune":"Inconnue","numero":"152106","type_hydrant":"pillar","etat":"Opérationnel"}},{"type":"Feature","geometry":{"type":"Point","coordinates":[5.8588654,43.8897597]},"properties":{"commune":"Inconnue","numero":"282 054","type_hydrant":"pillar","etat":"Opérationnel"}},{"type":"Feature","geometry":{"type":"Point","coordinates":[5.85861,43.8886823]},"properties":{"commune":"Inconnue","numero":"242 038","type_hydrant":"pillar","etat":"Opérationnel"}},{"type":"Feature","geometry":{"type":"Point","coordinates":[5.8714178,43.8920253]},"properties":{"commune":"Inconnue","numero":"242 069","type_hydrant":"pillar","etat":"Opérationnel"}},{"type":"Feature","geometry":{"type":"Point","coordinates":[5.8489177,43.8736053]},"properties":{"commune":"Inconnue","numero":"245 071","type_hydrant":"pillar","etat":"Opérationnel"}},{"type":"Feature","geometry":{"type":"Point","coordinates":[5.7153453,43.9320767]},"properties":{"commune":"Inconnue","numero":"11989836024","type_hydrant":"pillar","etat":"Opérationnel"}},{"type":"Feature","geometry":{"type":"Point","coordinates":[5.8640147,43.8941538]},"properties":{"commune":"Inconnue","numero":"242 083","type_hydrant":"pillar","etat":"Opérationnel"}},{"type":"Feature","geometry":{"type":"Point","coordinates":[5.8610265,43.8955541]},"properties":{"commune":"Inconnue","numero":"242 028","type_hydrant":"pillar","etat":"Opérationnel"}},{"type":"Feature","geometry":{"type":"Point","coordinates":[5.8632026,43.8959175]},"properties":{"commune":"Inconnue","numero":"242 049","type_hydrant":"pillar","etat":"Opérationnel"}},{"type":"Feature","geometry":{"type":"Point","coordinates":[5.8039336,43.8307775]},"properties":{"commune":"Inconnue","numero":"112407","type_hydrant":"pillar","etat":"Opérationnel"}},{"type":"Feature","geometry":{"type":"Point","coordinates":[5.8018923,43.8279338]},"properties":{"commune":"Inconnue","numero":"112253","type_hydrant":"pillar","etat":"Opérationnel"}},{"type":"Feature","geometry":{"type":"Point","coordinates":[6.1486187,44.0382644]},"properties":{"commune":"Inconnue","numero":"046018","type_hydrant":"pillar","etat":"Opérationnel"}},{"type":"Feature","geometry":{"type":"Point","coordinates":[6.1492074,44.0375084]},"properties":{"commune":"Inconnue","numero":"046006","type_hydrant":"pillar","etat":"Opérationnel"}},{"type":"Feature","geometry":{"type":"Point","coordinates":[6.1503379,44.0380465]},"properties":{"commune":"Inconnue","numero":"046007","type_hydrant":"pillar","etat":"Opérationnel"}},{"type":"Feature","geometry":{"type":"Point","coordinates":[6.1518522,44.0386935]},"properties":{"commune":"Inconnue","numero":"046008","type_hydrant":"pillar","etat":"Opérationnel"}},{"type":"Feature","geometry":{"type":"Point","coordinates":[6.1493419,44.0383463]},"properties":{"commune":"Inconnue","numero":"046011","type_hydrant":"pillar","etat":"Opérationnel"}},{"type":"Feature","geometry":{"type":"Point","coordinates":[6.1471933,44.0363437]},"properties":{"commune":"Inconnue","numero":"046005","type_hydrant":"pillar","etat":"Opérationnel"}},{"type":"Feature","geometry":{"type":"Point","coordinates":[6.1475262,44.0348753]},"properties":{"commune":"Inconnue","numero":"046012","type_hydrant":"pillar","etat":"Opérationnel"}},{"type":"Feature","geometry":{"type":"Point","coordinates":[6.1443035,44.0358005]},"properties":{"commune":"Inconnue","numero":"046003","type_hydrant":"pillar","etat":"Opérationnel"}},{"type":"Feature","geometry":{"type":"Point","coordinates":[6.1364468,44.0323934]},"properties":{"commune":"Inconnue","numero":"046014","type_hydrant":"pillar","etat":"Opérationnel"}},{"type":"Feature","geometry":{"type":"Point","coordinates":[6.1857978,44.0368606]},"properties":{"commune":"Inconnue","numero":"046009","type_hydrant":"pillar","etat":"Opérationnel"}},{"type":"Feature","geometry":{"type":"Point","coordinates":[6.1860896,44.035165]},"properties":{"commune":"Inconnue","numero":"046010","type_hydrant":"pillar","etat":"Opérationnel"}},{"type":"Feature","geometry":{"type":"Point","coordinates":[6.6256016,44.1795318]},"properties":{"commune":"Inconnue","numero":"12055499390","type_hydrant":"pillar","etat":"Opérationnel"}},{"type":"Feature","geometry":{"type":"Point","coordinates":[6.5085944,43.9667179]},"properties":{"commune":"Inconnue","numero":"173018","type_hydrant":"pillar","etat":"Opérationnel"}},{"type":"Feature","geometry":{"type":"Point","coordinates":[6.3611433,44.3527437]},"properties":{"commune":"Inconnue","numero":"205105","type_hydrant":"pillar","etat":"Opérationnel"}},{"type":"Feature","geometry":{"type":"Point","coordinates":[6.3627516,44.3490377]},"properties":{"commune":"Inconnue","numero":"205091","type_hydrant":"pillar","etat":"Opérationnel"}},{"type":"Feature","geometry":{"type":"Point","coordinates":[6.3621785,44.3473209]},"properties":{"commune":"Inconnue","numero":"205004","type_hydrant":"pillar","etat":"Opérationnel"}},{"type":"Feature","geometry":{"type":"Point","coordinates":[6.36464,44.3449444]},"properties":{"commune":"Inconnue","numero":"205003","type_hydrant":"pillar","etat":"Opérationnel"}},{"type":"Feature","geometry":{"type":"Point","coordinates":[6.3604213,44.3475479]},"properties":{"commune":"Inconnue","numero":"205005","type_hydrant":"pillar","etat":"Opérationnel"}},{"type":"Feature","geometry":{"type":"Point","coordinates":[6.3592967,44.3486379]},"properties":{"commune":"Inconnue","numero":"205088","type_hydrant":"pillar","etat":"Opérationnel"}},{"type":"Feature","geometry":{"type":"Point","coordinates":[6.3596889,44.3515524]},"properties":{"commune":"Inconnue","numero":"205079","type_hydrant":"pillar","etat":"Opérationnel"}},{"type":"Feature","geometry":{"type":"Point","coordinates":[6.3598686,44.3521583]},"properties":{"commune":"Inconnue","numero":"205077","type_hydrant":"pillar","etat":"Opérationnel"}},{"type":"Feature","geometry":{"type":"Point","coordinates":[6.3552987,44.350842]},"properties":{"commune":"Inconnue","numero":"205108","type_hydrant":"pillar","etat":"Opérationnel"}},{"type":"Feature","geometry":{"type":"Point","coordinates":[6.3556502,44.3513725]},"properties":{"commune":"Inconnue","numero":"205098","type_hydrant":"pillar","etat":"Opérationnel"}},{"type":"Feature","geometry":{"type":"Point","coordinates":[6.3540725,44.3551873]},"properties":{"commune":"Inconnue","numero":"205041","type_hydrant":"pillar","etat":"Opérationnel"}},{"type":"Feature","geometry":{"type":"Point","coordinates":[6.3564548,44.3556075]},"properties":{"commune":"Inconnue","numero":"205047","type_hydrant":"pillar","etat":"Opérationnel"}},{"type":"Feature","geometry":{"type":"Point","coordinates":[6.3584357,44.3556563]},"properties":{"commune":"Inconnue","numero":"205046","type_hydrant":"pillar","etat":"Opérationnel"}},{"type":"Feature","geometry":{"type":"Point","coordinates":[6.3579098,44.3544974]},"properties":{"commune":"Inconnue","numero":"205075","type_hydrant":"pillar","etat":"Opérationnel"}},{"type":"Feature","geometry":{"type":"Point","coordinates":[5.7406368,43.8186524]},"properties":{"commune":"Inconnue","numero":"152016","type_hydrant":"pillar","etat":"Opérationnel"}},{"type":"Feature","geometry":{"type":"Point","coordinates":[5.7389689,43.8230623]},"properties":{"commune":"Inconnue","numero":"152094","type_hydrant":"pillar","etat":"Opérationnel"}},{"type":"Feature","geometry":{"type":"Point","coordinates":[5.743103,43.8250142]},"properties":{"commune":"Inconnue","numero":"152009","type_hydrant":"pillar","etat":"Opérationnel"}},{"type":"Feature","geometry":{"type":"Point","coordinates":[5.7435205,43.8258413]},"properties":{"commune":"Inconnue","numero":"152084","type_hydrant":"pillar","etat":"Opérationnel"}},{"type":"Feature","geometry":{"type":"Point","coordinates":[6.3690449,43.9542789]},"properties":{"commune":"Inconnue","numero":"12058647703","type_hydrant":"pillar","etat":"Opérationnel"}},{"type":"Feature","geometry":{"type":"Point","coordinates":[6.5380213,44.0900727]},"properties":{"commune":"Inconnue","numero":"12059390392","type_hydrant":"pillar","etat":"Opérationnel"}},{"type":"Feature","geometry":{"type":"Point","coordinates":[6.5417603,43.9150536]},"properties":{"commune":"Inconnue","numero":"12059447259","type_hydrant":"pillar","etat":"Opérationnel"}},{"type":"Feature","geometry":{"type":"Point","coordinates":[6.5433562,43.913701]},"properties":{"commune":"Inconnue","numero":"183008","type_hydrant":"pillar","etat":"Opérationnel"}},{"type":"Feature","geometry":{"type":"Point","coordinates":[6.545907,43.9122185]},"properties":{"commune":"Inconnue","numero":"183010","type_hydrant":"pillar","etat":"Opérationnel"}},{"type":"Feature","geometry":{"type":"Point","coordinates":[6.5584421,43.94271]},"properties":{"commune":"Inconnue","numero":"007002","type_hydrant":"pillar","etat":"Opérationnel"}},{"type":"Feature","geometry":{"type":"Point","coordinates":[6.5147135,43.8462858]},"properties":{"commune":"Inconnue","numero":"4","type_hydrant":"pillar","etat":"Opérationnel"}},{"type":"Feature","geometry":{"type":"Point","coordinates":[6.5949069,43.9770785]},"properties":{"commune":"Inconnue","numero":"12063307044","type_hydrant":"pillar","etat":"Opérationnel"}},{"type":"Feature","geometry":{"type":"Point","coordinates":[5.8623081,43.8883505]},"properties":{"commune":"Inconnue","numero":"12065060223","type_hydrant":"pillar","etat":"Opérationnel"}},{"type":"Feature","geometry":{"type":"Point","coordinates":[6.5117825,43.8460602]},"properties":{"commune":"Inconnue","numero":"12075401636","type_hydrant":"pillar","etat":"Opérationnel"}},{"type":"Feature","geometry":{"type":"Point","coordinates":[6.6659174,43.9678685]},"properties":{"commune":"Inconnue","numero":"008 032","type_hydrant":"pillar","etat":"Opérationnel"}},{"type":"Feature","geometry":{"type":"Point","coordinates":[5.8706694,43.8970157]},"properties":{"commune":"Inconnue","numero":"242 033","type_hydrant":"pillar","etat":"Opérationnel"}},{"type":"Feature","geometry":{"type":"Point","coordinates":[6.0880342,43.815047]},"properties":{"commune":"Inconnue","numero":"12089238627","type_hydrant":"pillar","etat":"Opérationnel"}},{"type":"Feature","geometry":{"type":"Point","coordinates":[6.0900081,43.8192271]},"properties":{"commune":"Inconnue","numero":"166021","type_hydrant":"pillar","etat":"Opérationnel"}},{"type":"Feature","geometry":{"type":"Point","coordinates":[6.0921126,43.8173534]},"properties":{"commune":"Inconnue","numero":"166003","type_hydrant":"pillar","etat":"Opérationnel"}},{"type":"Feature","geometry":{"type":"Point","coordinates":[6.0936971,43.8173271]},"properties":{"commune":"Inconnue","numero":"166004","type_hydrant":"pillar","etat":"Opérationnel"}},{"type":"Feature","geometry":{"type":"Point","coordinates":[5.770769,43.9509391]},"properties":{"commune":"Inconnue","numero":"088030","type_hydrant":"pillar","etat":"Opérationnel"}},{"type":"Feature","geometry":{"type":"Point","coordinates":[5.7690307,43.9552573]},"properties":{"commune":"Inconnue","numero":"088021","type_hydrant":"pillar","etat":"Opérationnel"}},{"type":"Feature","geometry":{"type":"Point","coordinates":[6.1498369,43.7608725]},"properties":{"commune":"Inconnue","numero":"176002","type_hydrant":"pillar","etat":"Opérationnel"}},{"type":"Feature","geometry":{"type":"Point","coordinates":[6.1499741,43.7586668]},"properties":{"commune":"Inconnue","numero":"176010","type_hydrant":"pillar","etat":"Opérationnel"}},{"type":"Feature","geometry":{"type":"Point","coordinates":[6.1516192,43.7595018]},"properties":{"commune":"Inconnue","numero":"176001","type_hydrant":"pillar","etat":"Opérationnel"}},{"type":"Feature","geometry":{"type":"Point","coordinates":[6.4077822,44.322522]},"properties":{"commune":"Inconnue","numero":"12118220883","type_hydrant":"pillar","etat":"Opérationnel"}},{"type":"Feature","geometry":{"type":"Point","coordinates":[6.3946012,44.323502]},"properties":{"commune":"Inconnue","numero":"71","type_hydrant":"pillar","etat":"Opérationnel"}},{"type":"Feature","geometry":{"type":"Point","coordinates":[6.3929473,44.3246898]},"properties":{"commune":"Inconnue","numero":"72","type_hydrant":"pillar","etat":"Opérationnel"}},{"type":"Feature","geometry":{"type":"Point","coordinates":[6.0297572,44.4245951]},"properties":{"commune":"Inconnue","numero":"242;066021","type_hydrant":"pillar","etat":"Opérationnel"}},{"type":"Feature","geometry":{"type":"Point","coordinates":[5.9444786,44.196557]},"properties":{"commune":"Inconnue","numero":"209111","type_hydrant":"pillar","etat":"Opérationnel"}},{"type":"Feature","geometry":{"type":"Point","coordinates":[6.1272596,44.2382395]},"properties":{"commune":"Inconnue","numero":"12137722098","type_hydrant":"pillar","etat":"Opérationnel"}},{"type":"Feature","geometry":{"type":"Point","coordinates":[6.1298463,43.8258995]},"properties":{"commune":"Inconnue","numero":"12143730497","type_hydrant":"pillar","etat":"Opérationnel"}},{"type":"Feature","geometry":{"type":"Point","coordinates":[6.1293751,43.8264565]},"properties":{"commune":"Inconnue","numero":"12143735842","type_hydrant":"pillar","etat":"Opérationnel"}},{"type":"Feature","geometry":{"type":"Point","coordinates":[6.13111,43.8253495]},"properties":{"commune":"Inconnue","numero":"12143767321","type_hydrant":"pillar","etat":"Opérationnel"}},{"type":"Feature","geometry":{"type":"Point","coordinates":[6.1326661,43.8252448]},"properties":{"commune":"Inconnue","numero":"12143771073","type_hydrant":"pillar","etat":"Opérationnel"}},{"type":"Feature","geometry":{"type":"Point","coordinates":[6.1321235,43.8246198]},"properties":{"commune":"Inconnue","numero":"12143778862","type_hydrant":"underground","etat":"Opérationnel"}},{"type":"Feature","geometry":{"type":"Point","coordinates":[5.7768207,43.9275757]},"properties":{"commune":"Inconnue","numero":"111029","type_hydrant":"pillar","etat":"Opérationnel"}},{"type":"Feature","geometry":{"type":"Point","coordinates":[5.7770836,43.9289866]},"properties":{"commune":"Inconnue","numero":"111027","type_hydrant":"pillar","etat":"Opérationnel"}},{"type":"Feature","geometry":{"type":"Point","coordinates":[5.7719824,43.9387644]},"properties":{"commune":"Inconnue","numero":"111025","type_hydrant":"pillar","etat":"Opérationnel"}},{"type":"Feature","geometry":{"type":"Point","coordinates":[5.7713262,43.9396599]},"properties":{"commune":"Inconnue","numero":"111038","type_hydrant":"pillar","etat":"Opérationnel"}},{"type":"Feature","geometry":{"type":"Point","coordinates":[5.7737069,43.9400489]},"properties":{"commune":"Inconnue","numero":"111040","type_hydrant":"pillar","etat":"Opérationnel"}},{"type":"Feature","geometry":{"type":"Point","coordinates":[5.7740323,43.9404024]},"properties":{"commune":"Inconnue","numero":"111041","type_hydrant":"pillar","etat":"Opérationnel"}},{"type":"Feature","geometry":{"type":"Point","coordinates":[5.7686564,43.9396188]},"properties":{"commune":"Inconnue","numero":"111020","type_hydrant":"pillar","etat":"Opérationnel"}},{"type":"Feature","geometry":{"type":"Point","coordinates":[5.7707585,43.941173]},"properties":{"commune":"Inconnue","numero":"111011","type_hydrant":"pillar","etat":"Opérationnel"}},{"type":"Feature","geometry":{"type":"Point","coordinates":[6.292421,44.1559426]},"properties":{"commune":"Inconnue","numero":"036017","type_hydrant":"pillar","etat":"Opérationnel"}},{"type":"Feature","geometry":{"type":"Point","coordinates":[5.7572055,43.7659612]},"properties":{"commune":"Inconnue","numero":"063011","type_hydrant":"pillar","etat":"Opérationnel"}},{"type":"Feature","geometry":{"type":"Point","coordinates":[5.7463293,43.7617004]},"properties":{"commune":"Inconnue","numero":"12207386996","type_hydrant":"pillar","etat":"Opérationnel"}},{"type":"Feature","geometry":{"type":"Point","coordinates":[5.7494382,43.759759]},"properties":{"commune":"Inconnue","numero":"12207394190","type_hydrant":"pillar","etat":"Opérationnel"}},{"type":"Feature","geometry":{"type":"Point","coordinates":[5.9613872,44.0242706]},"properties":{"commune":"Inconnue","numero":"116101","type_hydrant":"pillar","etat":"Opérationnel"}},{"type":"Feature","geometry":{"type":"Point","coordinates":[5.960849,44.0236509]},"properties":{"commune":"Inconnue","numero":"116100","type_hydrant":"pillar","etat":"Opérationnel"}},{"type":"Feature","geometry":{"type":"Point","coordinates":[5.9625935,44.0252932]},"properties":{"commune":"Inconnue","numero":"116102","type_hydrant":"pillar","etat":"Opérationnel"}},{"type":"Feature","geometry":{"type":"Point","coordinates":[5.9619261,44.0262374]},"properties":{"commune":"Inconnue","numero":"116025","type_hydrant":"pillar","etat":"Opérationnel"}},{"type":"Feature","geometry":{"type":"Point","coordinates":[5.9611439,44.0272947]},"properties":{"commune":"Inconnue","numero":"116026","type_hydrant":"pillar","etat":"Opérationnel"}},{"type":"Feature","geometry":{"type":"Point","coordinates":[5.9601537,44.027792]},"properties":{"commune":"Inconnue","numero":"116027","type_hydrant":"pillar","etat":"Opérationnel"}},{"type":"Feature","geometry":{"type":"Point","coordinates":[5.9591039,44.0262007]},"properties":{"commune":"Inconnue","numero":"116028","type_hydrant":"pillar","etat":"Opérationnel"}},{"type":"Feature","geometry":{"type":"Point","coordinates":[5.9597898,44.0250555]},"properties":{"commune":"Inconnue","numero":"116024","type_hydrant":"pillar","etat":"Opérationnel"}},{"type":"Feature","geometry":{"type":"Point","coordinates":[5.6550284,43.8834184]},"properties":{"commune":"Inconnue","numero":"160032","type_hydrant":"pillar","etat":"Opérationnel"}},{"type":"Feature","geometry":{"type":"Point","coordinates":[5.6608888,43.8798726]},"properties":{"commune":"Inconnue","numero":"160022","type_hydrant":"pillar","etat":"Opérationnel"}},{"type":"Feature","geometry":{"type":"Point","coordinates":[5.5834864,43.853977]},"properties":{"commune":"Inconnue","numero":"045020","type_hydrant":"pillar","etat":"Opérationnel"}},{"type":"Feature","geometry":{"type":"Point","coordinates":[5.5821045,43.854363]},"properties":{"commune":"Inconnue","numero":"045033","type_hydrant":"pillar","etat":"Opérationnel"}},{"type":"Feature","geometry":{"type":"Point","coordinates":[5.8494064,43.8716468]},"properties":{"commune":"Inconnue","numero":"245 061","type_hydrant":"pillar","etat":"Opérationnel"}},{"type":"Feature","geometry":{"type":"Point","coordinates":[6.3514899,44.174954]},"properties":{"commune":"Inconnue","numero":"097008","type_hydrant":"PI","etat":"Opérationnel"}},{"type":"Feature","geometry":{"type":"Point","coordinates":[6.3532372,44.1720388]},"properties":{"commune":"Inconnue","numero":"097010","type_hydrant":"PI","etat":"Opérationnel"}},{"type":"Feature","geometry":{"type":"Point","coordinates":[5.7975017,43.8193279]},"properties":{"commune":"Inconnue","numero":"112413","type_hydrant":"pillar","etat":"Opérationnel"}},{"type":"Feature","geometry":{"type":"Point","coordinates":[6.3538864,44.3536814]},"properties":{"commune":"Inconnue","numero":"12296112026","type_hydrant":"PI","etat":"Opérationnel"}},{"type":"Feature","geometry":{"type":"Point","coordinates":[5.8391048,43.9369334]},"properties":{"commune":"Inconnue","numero":"12328356962","type_hydrant":"pillar","etat":"Opérationnel"}},{"type":"Feature","geometry":{"type":"Point","coordinates":[5.7725784,43.9528891]},"properties":{"commune":"Inconnue","numero":"088092","type_hydrant":"pillar","etat":"Opérationnel"}},{"type":"Feature","geometry":{"type":"Point","coordinates":[6.2530987,44.0833945]},"properties":{"commune":"Inconnue","numero":"070067","type_hydrant":"pillar","etat":"Opérationnel"}},{"type":"Feature","geometry":{"type":"Point","coordinates":[6.5901629,44.153467]},"properties":{"commune":"Inconnue","numero":"025008","type_hydrant":"pillar","etat":"Opérationnel"}},{"type":"Feature","geometry":{"type":"Point","coordinates":[5.9780969,44.0647835]},"properties":{"commune":"Inconnue","numero":"127 009","type_hydrant":"pillar","etat":"Opérationnel"}},{"type":"Feature","geometry":{"type":"Point","coordinates":[5.983692,44.0582723]},"properties":{"commune":"Inconnue","numero":"127 015","type_hydrant":"pillar","etat":"Opérationnel"}},{"type":"Feature","geometry":{"type":"Point","coordinates":[5.9809298,44.0625449]},"properties":{"commune":"Inconnue","numero":"127 011","type_hydrant":"pillar","etat":"Opérationnel"}},{"type":"Feature","geometry":{"type":"Point","coordinates":[5.9792898,44.062736]},"properties":{"commune":"Inconnue","numero":"12406397076","type_hydrant":"pillar","etat":"Opérationnel"}},{"type":"Feature","geometry":{"type":"Point","coordinates":[5.9791233,44.0639876]},"properties":{"commune":"Inconnue","numero":"127 007","type_hydrant":"pillar","etat":"Opérationnel"}},{"type":"Feature","geometry":{"type":"Point","coordinates":[5.9779175,44.0625208]},"properties":{"commune":"Inconnue","numero":"127 004","type_hydrant":"pillar","etat":"Opérationnel"}},{"type":"Feature","geometry":{"type":"Point","coordinates":[5.9760498,44.0642136]},"properties":{"commune":"Inconnue","numero":"127 014","type_hydrant":"pillar","etat":"Opérationnel"}},{"type":"Feature","geometry":{"type":"Point","coordinates":[5.9745088,44.0654832]},"properties":{"commune":"Inconnue","numero":"127 006","type_hydrant":"pillar","etat":"Opérationnel"}},{"type":"Feature","geometry":{"type":"Point","coordinates":[5.9720451,44.064408]},"properties":{"commune":"Inconnue","numero":"127 003","type_hydrant":"pillar","etat":"Opérationnel"}},{"type":"Feature","geometry":{"type":"Point","coordinates":[5.971084,44.0620917]},"properties":{"commune":"Inconnue","numero":"127 013","type_hydrant":"pillar","etat":"Opérationnel"}},{"type":"Feature","geometry":{"type":"Point","coordinates":[5.7601011,43.7834078]},"properties":{"commune":"Inconnue","numero":"197101","type_hydrant":"pillar","etat":"Opérationnel"}},{"type":"Feature","geometry":{"type":"Point","coordinates":[6.2080607,44.0716419]},"properties":{"commune":"Inconnue","numero":"070294","type_hydrant":"pillar","etat":"Opérationnel"}},{"type":"Feature","geometry":{"type":"Point","coordinates":[5.968948,44.0657284]},"properties":{"commune":"Inconnue","numero":"127 008","type_hydrant":"pillar","etat":"Opérationnel"}},{"type":"Feature","geometry":{"type":"Point","coordinates":[5.7800397,43.832467]},"properties":{"commune":"Inconnue","numero":"450","type_hydrant":"pillar","etat":"Opérationnel"}},{"type":"Feature","geometry":{"type":"Point","coordinates":[5.9449303,44.1987641]},"properties":{"commune":"Inconnue","numero":"209010","type_hydrant":"pillar","etat":"Opérationnel"}},{"type":"Feature","geometry":{"type":"Point","coordinates":[5.9415026,44.1947107]},"properties":{"commune":"Inconnue","numero":"12529649137","type_hydrant":"pillar","etat":"Opérationnel"}},{"type":"Feature","geometry":{"type":"Point","coordinates":[5.8858733,43.7574371]},"properties":{"commune":"Inconnue","numero":"094003","type_hydrant":"pillar","etat":"Opérationnel"}},{"type":"Feature","geometry":{"type":"Point","coordinates":[5.8867614,43.7600886]},"properties":{"commune":"Inconnue","numero":"094020","type_hydrant":"pillar","etat":"Opérationnel"}},{"type":"Feature","geometry":{"type":"Point","coordinates":[5.7931584,43.8236445]},"properties":{"commune":"Inconnue","numero":"112447","type_hydrant":"pillar","etat":"Opérationnel"}},{"type":"Feature","geometry":{"type":"Point","coordinates":[6.2008713,44.0841478]},"properties":{"commune":"Inconnue","numero":"070124","type_hydrant":"pillar","etat":"Opérationnel"}},{"type":"Feature","geometry":{"type":"Point","coordinates":[6.2026406,44.084931]},"properties":{"commune":"Inconnue","numero":"070123","type_hydrant":"pillar","etat":"Opérationnel"}},{"type":"Feature","geometry":{"type":"Point","coordinates":[6.2019913,44.0868895]},"properties":{"commune":"Inconnue","numero":"070121","type_hydrant":"pillar","etat":"Opérationnel"}},{"type":"Feature","geometry":{"type":"Point","coordinates":[6.2032595,44.0880945]},"properties":{"commune":"Inconnue","numero":"070259","type_hydrant":"pillar","etat":"Opérationnel"}},{"type":"Feature","geometry":{"type":"Point","coordinates":[6.6008819,44.1575907]},"properties":{"commune":"Inconnue","numero":"240032","type_hydrant":"pillar","etat":"Opérationnel"}},{"type":"Feature","geometry":{"type":"Point","coordinates":[6.5984112,44.1580157]},"properties":{"commune":"Inconnue","numero":"240033","type_hydrant":"pillar","etat":"Opérationnel"}},{"type":"Feature","geometry":{"type":"Point","coordinates":[6.5086229,43.8464792]},"properties":{"commune":"Inconnue","numero":"039076","type_hydrant":"pillar","etat":"Opérationnel"}},{"type":"Feature","geometry":{"type":"Point","coordinates":[6.2054925,44.1007502]},"properties":{"commune":"Inconnue","numero":"070245","type_hydrant":"pillar","etat":"Opérationnel"}},{"type":"Feature","geometry":{"type":"Point","coordinates":[6.3416948,44.2649713]},"properties":{"commune":"Inconnue","numero":"235001","type_hydrant":"pillar","etat":"Opérationnel"}},{"type":"Feature","geometry":{"type":"Point","coordinates":[6.341729,44.2630885]},"properties":{"commune":"Inconnue","numero":"235005","type_hydrant":"pillar","etat":"Opérationnel"}},{"type":"Feature","geometry":{"type":"Point","coordinates":[6.3460438,44.2699426]},"properties":{"commune":"Inconnue","numero":"235007","type_hydrant":"pillar","etat":"Opérationnel"}},{"type":"Feature","geometry":{"type":"Point","coordinates":[6.3500173,44.2753338]},"properties":{"commune":"Inconnue","numero":"235004","type_hydrant":"pillar","etat":"Opérationnel"}},{"type":"Feature","geometry":{"type":"Point","coordinates":[6.3172324,44.2934746]},"properties":{"commune":"Inconnue","numero":"017002","type_hydrant":"pillar","etat":"Opérationnel"}},{"type":"Feature","geometry":{"type":"Point","coordinates":[6.3162773,44.294982]},"properties":{"commune":"Inconnue","numero":"017006","type_hydrant":"pillar","etat":"Opérationnel"}},{"type":"Feature","geometry":{"type":"Point","coordinates":[6.3139282,44.2953594]},"properties":{"commune":"Inconnue","numero":"017004","type_hydrant":"pillar","etat":"Opérationnel"}},{"type":"Feature","geometry":{"type":"Point","coordinates":[6.3153612,44.2933771]},"properties":{"commune":"Inconnue","numero":"017003","type_hydrant":"pillar","etat":"Opérationnel"}},{"type":"Feature","geometry":{"type":"Point","coordinates":[6.247331,44.0898768]},"properties":{"commune":"Inconnue","numero":"070064","type_hydrant":"pillar","etat":"Opérationnel"}},{"type":"Feature","geometry":{"type":"Point","coordinates":[6.1624019,44.0956911]},"properties":{"commune":"Inconnue","numero":"047001","type_hydrant":"pillar","etat":"Opérationnel"}},{"type":"Feature","geometry":{"type":"Point","coordinates":[6.1599787,44.0956226]},"properties":{"commune":"Inconnue","numero":"047002","type_hydrant":"pillar","etat":"Opérationnel"}},{"type":"Feature","geometry":{"type":"Point","coordinates":[5.9729945,44.0302653]},"properties":{"commune":"Inconnue","numero":"116045","type_hydrant":"pillar","etat":"Opérationnel"}},{"type":"Feature","geometry":{"type":"Point","coordinates":[5.976222,44.0314608]},"properties":{"commune":"Inconnue","numero":"116079","type_hydrant":"pillar","etat":"Opérationnel"}},{"type":"Feature","geometry":{"type":"Point","coordinates":[5.9478804,44.1866992]},"properties":{"commune":"Inconnue","numero":"209130","type_hydrant":"pillar","etat":"Opérationnel"}},{"type":"Feature","geometry":{"type":"Point","coordinates":[5.9466624,44.1863612]},"properties":{"commune":"Inconnue","numero":"209012","type_hydrant":"PI","etat":"Opérationnel"}},{"type":"Feature","geometry":{"type":"Point","coordinates":[6.3424027,44.1348715]},"properties":{"commune":"Inconnue","numero":"072004","type_hydrant":"pillar","etat":"Opérationnel"}},{"type":"Feature","geometry":{"type":"Point","coordinates":[6.3434534,44.134499]},"properties":{"commune":"Inconnue","numero":"072002","type_hydrant":"pillar","etat":"Opérationnel"}},{"type":"Feature","geometry":{"type":"Point","coordinates":[6.3434571,44.1358638]},"properties":{"commune":"Inconnue","numero":"072003","type_hydrant":"pillar","etat":"Opérationnel"}},{"type":"Feature","geometry":{"type":"Point","coordinates":[6.341845,44.1334432]},"properties":{"commune":"Inconnue","numero":"072001","type_hydrant":"pillar","etat":"Opérationnel"}},{"type":"Feature","geometry":{"type":"Point","coordinates":[5.9910894,44.1972812]},"properties":{"commune":"Inconnue","numero":"075016","type_hydrant":"pillar","etat":"Opérationnel"}},{"type":"Feature","geometry":{"type":"Point","coordinates":[5.9932224,44.1871411]},"properties":{"commune":"Inconnue","numero":"075020","type_hydrant":"pillar","etat":"Opérationnel"}},{"type":"Feature","geometry":{"type":"Point","coordinates":[6.5134412,43.8459238]},"properties":{"commune":"Inconnue","numero":"2","type_hydrant":"pillar","etat":"Opérationnel"}},{"type":"Feature","geometry":{"type":"Point","coordinates":[6.5215647,43.8455653]},"properties":{"commune":"Inconnue","numero":"45","type_hydrant":"pillar","etat":"Opérationnel"}},{"type":"Feature","geometry":{"type":"Point","coordinates":[5.8403048,43.9964496]},"properties":{"commune":"Inconnue","numero":"206006","type_hydrant":"pillar","etat":"Opérationnel"}},{"type":"Feature","geometry":{"type":"Point","coordinates":[5.8412105,43.9957993]},"properties":{"commune":"Inconnue","numero":"206007","type_hydrant":"pillar","etat":"Opérationnel"}},{"type":"Feature","geometry":{"type":"Point","coordinates":[5.8409842,43.997053]},"properties":{"commune":"Inconnue","numero":"206001","type_hydrant":"underground","etat":"Opérationnel"}},{"type":"Feature","geometry":{"type":"Point","coordinates":[5.840784,43.9979541]},"properties":{"commune":"Inconnue","numero":"206009","type_hydrant":"pillar","etat":"Opérationnel"}},{"type":"Feature","geometry":{"type":"Point","coordinates":[5.8426044,43.9980466]},"properties":{"commune":"Inconnue","numero":"206003","type_hydrant":"pillar","etat":"Opérationnel"}},{"type":"Feature","geometry":{"type":"Point","coordinates":[5.8464806,43.9941218]},"properties":{"commune":"Inconnue","numero":"206002","type_hydrant":"pillar","etat":"Opérationnel"}},{"type":"Feature","geometry":{"type":"Point","coordinates":[5.843272,44.0002389]},"properties":{"commune":"Inconnue","numero":"206004","type_hydrant":"pillar","etat":"Opérationnel"}},{"type":"Feature","geometry":{"type":"Point","coordinates":[5.8460393,44.0039097]},"properties":{"commune":"Inconnue","numero":"206005","type_hydrant":"pillar","etat":"Opérationnel"}},{"type":"Feature","geometry":{"type":"Point","coordinates":[5.8246958,43.9963665]},"properties":{"commune":"Inconnue","numero":"206008","type_hydrant":"pillar","etat":"Opérationnel"}},{"type":"Feature","geometry":{"type":"Point","coordinates":[5.889621,43.9292449]},"properties":{"commune":"Inconnue","numero":"034026","type_hydrant":"pillar","etat":"Opérationnel"}},{"type":"Feature","geometry":{"type":"Point","coordinates":[6.0215622,43.9734785]},"properties":{"commune":"Inconnue","numero":"156004","type_hydrant":"pillar","etat":"Opérationnel"}},{"type":"Feature","geometry":{"type":"Point","coordinates":[6.0214962,43.974613]},"properties":{"commune":"Inconnue","numero":"156007","type_hydrant":"pillar","etat":"Opérationnel"}},{"type":"Feature","geometry":{"type":"Point","coordinates":[6.0204677,43.9744146]},"properties":{"commune":"Inconnue","numero":"156002","type_hydrant":"pillar","etat":"Opérationnel"}},{"type":"Feature","geometry":{"type":"Point","coordinates":[6.0195749,43.9733916]},"properties":{"commune":"Inconnue","numero":"156008","type_hydrant":"pillar","etat":"Opérationnel"}},{"type":"Feature","geometry":{"type":"Point","coordinates":[6.018671,43.9724012]},"properties":{"commune":"Inconnue","numero":"156005","type_hydrant":"pillar","etat":"Opérationnel"}},{"type":"Feature","geometry":{"type":"Point","coordinates":[6.2095601,44.0714992]},"properties":{"commune":"Inconnue","numero":"070179","type_hydrant":"pillar","etat":"Opérationnel"}},{"type":"Feature","geometry":{"type":"Point","coordinates":[6.2101778,44.0715538]},"properties":{"commune":"Inconnue","numero":"070178","type_hydrant":"pillar","etat":"Opérationnel"}},{"type":"Feature","geometry":{"type":"Point","coordinates":[6.2104269,44.0711085]},"properties":{"commune":"Inconnue","numero":"070180","type_hydrant":"pillar","etat":"Opérationnel"}},{"type":"Feature","geometry":{"type":"Point","coordinates":[6.210055,44.0707574]},"properties":{"commune":"Inconnue","numero":"070181","type_hydrant":"pillar","etat":"Opérationnel"}},{"type":"Feature","geometry":{"type":"Point","coordinates":[6.2023472,44.0689023]},"properties":{"commune":"Inconnue","numero":"070288","type_hydrant":"pillar","etat":"Opérationnel"}},{"type":"Feature","geometry":{"type":"Point","coordinates":[6.5100897,43.9687187]},"properties":{"commune":"Inconnue","numero":"173012","type_hydrant":"pillar","etat":"Opérationnel"}},{"type":"Feature","geometry":{"type":"Point","coordinates":[5.978027,43.842381]},"properties":{"commune":"Inconnue","numero":"230035","type_hydrant":"pillar","etat":"Opérationnel"}},{"type":"Feature","geometry":{"type":"Point","coordinates":[5.9800548,43.8420158]},"properties":{"commune":"Inconnue","numero":"230011","type_hydrant":"pillar","etat":"Opérationnel"}},{"type":"Feature","geometry":{"type":"Point","coordinates":[5.9828324,43.8437889]},"properties":{"commune":"Inconnue","numero":"230025","type_hydrant":"pillar","etat":"Opérationnel"}},{"type":"Feature","geometry":{"type":"Point","coordinates":[5.9123682,43.9002144]},"properties":{"commune":"Inconnue","numero":"143 043","type_hydrant":"pillar","etat":"Opérationnel"}},{"type":"Feature","geometry":{"type":"Point","coordinates":[5.9142599,43.8983408]},"properties":{"commune":"Inconnue","numero":"143 073","type_hydrant":"pillar","etat":"Opérationnel"}},{"type":"Feature","geometry":{"type":"Point","coordinates":[5.9107154,43.8982367]},"properties":{"commune":"Inconnue","numero":"143 045","type_hydrant":"pillar","etat":"Opérationnel"}},{"type":"Feature","geometry":{"type":"Point","coordinates":[5.9091753,43.8994457]},"properties":{"commune":"Inconnue","numero":"143 066","type_hydrant":"pillar","etat":"Opérationnel"}},{"type":"Feature","geometry":{"type":"Point","coordinates":[5.9097334,43.9007066]},"properties":{"commune":"Inconnue","numero":"143 065","type_hydrant":"pillar","etat":"Opérationnel"}},{"type":"Feature","geometry":{"type":"Point","coordinates":[5.911497,43.9099294]},"properties":{"commune":"Inconnue","numero":"143 023","type_hydrant":"pillar","etat":"Opérationnel"}},{"type":"Feature","geometry":{"type":"Point","coordinates":[5.9109827,43.9100505]},"properties":{"commune":"Inconnue","numero":"12964230625","type_hydrant":"pillar","etat":"Opérationnel"}},{"type":"Feature","geometry":{"type":"Point","coordinates":[5.9125357,43.909372]},"properties":{"commune":"Inconnue","numero":"12964230626","type_hydrant":"pillar","etat":"Opérationnel"}},{"type":"Feature","geometry":{"type":"Point","coordinates":[5.9113612,43.9089753]},"properties":{"commune":"Inconnue","numero":"143 022","type_hydrant":"pillar","etat":"Opérationnel"}},{"type":"Feature","geometry":{"type":"Point","coordinates":[5.9100978,43.90757]},"properties":{"commune":"Inconnue","numero":"12964230637","type_hydrant":"pillar","etat":"Opérationnel"}},{"type":"Feature","geometry":{"type":"Point","coordinates":[5.9108347,43.9061998]},"properties":{"commune":"Inconnue","numero":"143 089","type_hydrant":"pillar","etat":"Opérationnel"}},{"type":"Feature","geometry":{"type":"Point","coordinates":[5.9138246,43.9077993]},"properties":{"commune":"Inconnue","numero":"143040","type_hydrant":"pillar","etat":"Opérationnel"}},{"type":"Feature","geometry":{"type":"Point","coordinates":[5.9127115,43.9054903]},"properties":{"commune":"Inconnue","numero":"143 034","type_hydrant":"pillar","etat":"Opérationnel"}},{"type":"Feature","geometry":{"type":"Point","coordinates":[5.9126574,43.9080395]},"properties":{"commune":"Inconnue","numero":"143088","type_hydrant":"pillar","etat":"Opérationnel"}},{"type":"Feature","geometry":{"type":"Point","coordinates":[5.9109856,43.9103818]},"properties":{"commune":"Inconnue","numero":"12964236186","type_hydrant":"pillar","etat":"Opérationnel"}},{"type":"Feature","geometry":{"type":"Point","coordinates":[5.91273,43.9012378]},"properties":{"commune":"Inconnue","numero":"143 042","type_hydrant":"pillar","etat":"Opérationnel"}},{"type":"Feature","geometry":{"type":"Point","coordinates":[5.9145226,43.9008299]},"properties":{"commune":"Inconnue","numero":"143 041","type_hydrant":"pillar","etat":"Opérationnel"}},{"type":"Feature","geometry":{"type":"Point","coordinates":[5.9144528,43.8998034]},"properties":{"commune":"Inconnue","numero":"143 044","type_hydrant":"pillar","etat":"Opérationnel"}},{"type":"Feature","geometry":{"type":"Point","coordinates":[5.9157542,43.8985276]},"properties":{"commune":"Inconnue","numero":"143 097","type_hydrant":"pillar","etat":"Opérationnel"}},{"type":"Feature","geometry":{"type":"Point","coordinates":[5.9092638,43.8985502]},"properties":{"commune":"Inconnue","numero":"143 046","type_hydrant":"pillar","etat":"Opérationnel"}},{"type":"Feature","geometry":{"type":"Point","coordinates":[5.9124721,43.8846131]},"properties":{"commune":"Inconnue","numero":"143 093","type_hydrant":"PI","etat":"Opérationnel"}},{"type":"Feature","geometry":{"type":"Point","coordinates":[5.9407076,43.8873276]},"properties":{"commune":"Inconnue","numero":"143 087","type_hydrant":"pillar","etat":"Opérationnel"}},{"type":"Feature","geometry":{"type":"Point","coordinates":[5.9213871,43.8854472]},"properties":{"commune":"Inconnue","numero":"143 052","type_hydrant":"pillar","etat":"Opérationnel"}},{"type":"Feature","geometry":{"type":"Point","coordinates":[5.9070515,43.8878357]},"properties":{"commune":"Inconnue","numero":"143 063","type_hydrant":"pillar","etat":"Opérationnel"}},{"type":"Feature","geometry":{"type":"Point","coordinates":[5.9116619,43.9229814]},"properties":{"commune":"Inconnue","numero":"143 067","type_hydrant":"pillar","etat":"Opérationnel"}},{"type":"Feature","geometry":{"type":"Point","coordinates":[5.9135513,43.9225267]},"properties":{"commune":"Inconnue","numero":"12964693390","type_hydrant":"pillar","etat":"Opérationnel"}},{"type":"Feature","geometry":{"type":"Point","coordinates":[5.9140006,43.9239536]},"properties":{"commune":"Inconnue","numero":"12964693396","type_hydrant":"pillar","etat":"Opérationnel"}},{"type":"Feature","geometry":{"type":"Point","coordinates":[5.9145656,43.9222093]},"properties":{"commune":"Inconnue","numero":"12964715003","type_hydrant":"pillar","etat":"Opérationnel"}},{"type":"Feature","geometry":{"type":"Point","coordinates":[5.9151913,43.9203146]},"properties":{"commune":"Inconnue","numero":"12964715025","type_hydrant":"pillar","etat":"Opérationnel"}},{"type":"Feature","geometry":{"type":"Point","coordinates":[5.9150686,43.919067]},"properties":{"commune":"Inconnue","numero":"143 068","type_hydrant":"pillar","etat":"Opérationnel"}},{"type":"Feature","geometry":{"type":"Point","coordinates":[5.9187565,43.9151868]},"properties":{"commune":"Inconnue","numero":"143038","type_hydrant":"pillar","etat":"Opérationnel"}},{"type":"Feature","geometry":{"type":"Point","coordinates":[5.9181916,43.913916]},"properties":{"commune":"Inconnue","numero":"143 037","type_hydrant":"pillar","etat":"Opérationnel"}},{"type":"Feature","geometry":{"type":"Point","coordinates":[5.9181665,43.9166641]},"properties":{"commune":"Inconnue","numero":"145 095","type_hydrant":"pillar","etat":"Opérationnel"}},{"type":"Feature","geometry":{"type":"Point","coordinates":[5.9412625,43.9181887]},"properties":{"commune":"Inconnue","numero":"143 060","type_hydrant":"pillar","etat":"Opérationnel"}},{"type":"Feature","geometry":{"type":"Point","coordinates":[5.9366665,43.9182614]},"properties":{"commune":"Inconnue","numero":"143 061","type_hydrant":"pillar","etat":"Opérationnel"}},{"type":"Feature","geometry":{"type":"Point","coordinates":[5.9302445,43.9187813]},"properties":{"commune":"Inconnue","numero":"143 059","type_hydrant":"pillar","etat":"Opérationnel"}},{"type":"Feature","geometry":{"type":"Point","coordinates":[5.9240647,43.9150049]},"properties":{"commune":"Inconnue","numero":"143 010","type_hydrant":"pillar","etat":"Opérationnel"}},{"type":"Feature","geometry":{"type":"Point","coordinates":[5.9259096,43.9134417]},"properties":{"commune":"Inconnue","numero":"143 011","type_hydrant":"pillar","etat":"Opérationnel"}},{"type":"Feature","geometry":{"type":"Point","coordinates":[5.9154784,43.9121147]},"properties":{"commune":"Inconnue","numero":"143102","type_hydrant":"pillar","etat":"Opérationnel"}},{"type":"Feature","geometry":{"type":"Point","coordinates":[5.9042926,43.9093525]},"properties":{"commune":"Inconnue","numero":"12979434677","type_hydrant":"PI","etat":"Opérationnel"}},{"type":"Feature","geometry":{"type":"Point","coordinates":[5.9024114,43.9052819]},"properties":{"commune":"Inconnue","numero":"143 018","type_hydrant":"pillar","etat":"Opérationnel"}},{"type":"Feature","geometry":{"type":"Point","coordinates":[5.9092737,43.9109431]},"properties":{"commune":"Inconnue","numero":"143 094","type_hydrant":"pillar","etat":"Opérationnel"}},{"type":"Feature","geometry":{"type":"Point","coordinates":[5.9058853,43.9099347]},"properties":{"commune":"Inconnue","numero":"143 019","type_hydrant":"pillar","etat":"Opérationnel"}},{"type":"Feature","geometry":{"type":"Point","coordinates":[5.9047294,43.9062254]},"properties":{"commune":"Inconnue","numero":"143 017","type_hydrant":"pillar","etat":"Opérationnel"}},{"type":"Feature","geometry":{"type":"Point","coordinates":[5.9110112,43.9203437]},"properties":{"commune":"Inconnue","numero":"143083","type_hydrant":"pillar","etat":"Opérationnel"}},{"type":"Feature","geometry":{"type":"Point","coordinates":[5.9065185,43.9232568]},"properties":{"commune":"Inconnue","numero":"143 064","type_hydrant":"pillar","etat":"Opérationnel"}},{"type":"Feature","geometry":{"type":"Point","coordinates":[5.9130599,43.9177351]},"properties":{"commune":"Inconnue","numero":"143 031","type_hydrant":"pillar","etat":"Opérationnel"}},{"type":"Feature","geometry":{"type":"Point","coordinates":[5.9144855,43.917649]},"properties":{"commune":"Inconnue","numero":"143 030","type_hydrant":"pillar","etat":"Opérationnel"}},{"type":"Feature","geometry":{"type":"Point","coordinates":[5.9110133,43.9149808]},"properties":{"commune":"Inconnue","numero":"143 029","type_hydrant":"pillar","etat":"Opérationnel"}},{"type":"Feature","geometry":{"type":"Point","coordinates":[5.9119197,43.9150971]},"properties":{"commune":"Inconnue","numero":"12979764339","type_hydrant":"pillar","etat":"Opérationnel"}},{"type":"Feature","geometry":{"type":"Point","coordinates":[5.9099453,43.9134953]},"properties":{"commune":"Inconnue","numero":"12979764348","type_hydrant":"pillar","etat":"Opérationnel"}},{"type":"Feature","geometry":{"type":"Point","coordinates":[5.9114869,43.9140365]},"properties":{"commune":"Inconnue","numero":"143 069","type_hydrant":"pillar","etat":"Opérationnel"}},{"type":"Feature","geometry":{"type":"Point","coordinates":[5.9136181,43.9129098]},"properties":{"commune":"Inconnue","numero":"143 025","type_hydrant":"pillar","etat":"Opérationnel"}},{"type":"Feature","geometry":{"type":"Point","coordinates":[5.9103138,43.9169011]},"properties":{"commune":"Inconnue","numero":"143 028","type_hydrant":"pillar","etat":"Opérationnel"}},{"type":"Feature","geometry":{"type":"Point","coordinates":[5.9159534,43.9154331]},"properties":{"commune":"Inconnue","numero":"145 058","type_hydrant":"pillar","etat":"Opérationnel"}},{"type":"Feature","geometry":{"type":"Point","coordinates":[5.9213746,43.9176871]},"properties":{"commune":"Inconnue","numero":"145086","type_hydrant":"pillar","etat":"Opérationnel"}},{"type":"Feature","geometry":{"type":"Point","coordinates":[5.9211817,43.91629]},"properties":{"commune":"Inconnue","numero":"143084","type_hydrant":"pillar","etat":"Opérationnel"}},{"type":"Feature","geometry":{"type":"Point","coordinates":[5.9211668,43.9152864]},"properties":{"commune":"Inconnue","numero":"145 005","type_hydrant":"pillar","etat":"Opérationnel"}},{"type":"Feature","geometry":{"type":"Point","coordinates":[5.9194487,43.919026]},"properties":{"commune":"Inconnue","numero":"143078","type_hydrant":"pillar","etat":"Opérationnel"}},{"type":"Feature","geometry":{"type":"Point","coordinates":[5.9202095,43.9179322]},"properties":{"commune":"Inconnue","numero":"143051","type_hydrant":"pillar","etat":"Opérationnel"}},{"type":"Feature","geometry":{"type":"Point","coordinates":[5.9210434,43.9202584]},"properties":{"commune":"Inconnue","numero":"143001","type_hydrant":"pillar","etat":"Opérationnel"}},{"type":"Feature","geometry":{"type":"Point","coordinates":[5.918783,43.9212187]},"properties":{"commune":"Inconnue","numero":"143 036","type_hydrant":"pillar","etat":"Opérationnel"}},{"type":"Feature","geometry":{"type":"Point","coordinates":[5.9198771,43.9235325]},"properties":{"commune":"Inconnue","numero":"12980243364","type_hydrant":"pillar","etat":"Opérationnel"}},{"type":"Feature","geometry":{"type":"Point","coordinates":[5.9172812,43.9241788]},"properties":{"commune":"Inconnue","numero":"145 035","type_hydrant":"pillar","etat":"Opérationnel"}},{"type":"Feature","geometry":{"type":"Point","coordinates":[5.9146229,43.9459083]},"properties":{"commune":"Inconnue","numero":"145 098","type_hydrant":"pillar","etat":"Opérationnel"}},{"type":"Feature","geometry":{"type":"Point","coordinates":[5.9137221,43.94182]},"properties":{"commune":"Inconnue","numero":"145 055","type_hydrant":"pillar","etat":"Opérationnel"}},{"type":"Feature","geometry":{"type":"Point","coordinates":[5.9129707,43.92809]},"properties":{"commune":"Inconnue","numero":"143 039","type_hydrant":"pillar","etat":"Opérationnel"}},{"type":"Feature","geometry":{"type":"Point","coordinates":[5.8130059,43.7511342]},"properties":{"commune":"Inconnue","numero":"13015630548","type_hydrant":"pillar","etat":"Opérationnel"}},{"type":"Feature","geometry":{"type":"Point","coordinates":[6.3549993,44.3511279]},"properties":{"commune":"Inconnue","numero":"13015782293","type_hydrant":"pillar","etat":"Opérationnel"}},{"type":"Feature","geometry":{"type":"Point","coordinates":[5.7820562,43.899558]},"properties":{"commune":"Inconnue","numero":"068006","type_hydrant":"pillar","etat":"Opérationnel"}},{"type":"Feature","geometry":{"type":"Point","coordinates":[6.0141676,44.1110938]},"properties":{"commune":"Inconnue","numero":"13039679084","type_hydrant":"pillar","etat":"Opérationnel"}},{"type":"Feature","geometry":{"type":"Point","coordinates":[5.6346337,44.02807]},"properties":{"commune":"Inconnue","numero":"018001","type_hydrant":"pillar","etat":"Opérationnel"}},{"type":"Feature","geometry":{"type":"Point","coordinates":[5.6341236,44.0282732]},"properties":{"commune":"Inconnue","numero":"018031","type_hydrant":"pillar","etat":"Opérationnel"}},{"type":"Feature","geometry":{"type":"Point","coordinates":[5.9194632,44.3202449]},"properties":{"commune":"Inconnue","numero":"216007","type_hydrant":"pillar","etat":"Opérationnel"}},{"type":"Feature","geometry":{"type":"Point","coordinates":[6.1507007,44.2522491]},"properties":{"commune":"Inconnue","numero":"13055986229","type_hydrant":"PI","etat":"Opérationnel"}},{"type":"Feature","geometry":{"type":"Point","coordinates":[5.7630049,43.7858738]},"properties":{"commune":"Inconnue","numero":"13078433069","type_hydrant":"pillar","etat":"Opérationnel"}},{"type":"Feature","geometry":{"type":"Point","coordinates":[6.4352835,44.4280181]},"properties":{"commune":"Inconnue","numero":"13106005295","type_hydrant":"PI","etat":"Opérationnel"}},{"type":"Feature","geometry":{"type":"Point","coordinates":[6.4324768,44.4294055]},"properties":{"commune":"Inconnue","numero":"102006","type_hydrant":"pillar","etat":"Opérationnel"}},{"type":"Feature","geometry":{"type":"Point","coordinates":[6.4323275,44.4303688]},"properties":{"commune":"Inconnue","numero":"13108954022","type_hydrant":"PI","etat":"Opérationnel"}},{"type":"Feature","geometry":{"type":"Point","coordinates":[5.9426856,44.1951756]},"properties":{"commune":"Inconnue","numero":"13109236846","type_hydrant":"pillar","etat":"Opérationnel"}},{"type":"Feature","geometry":{"type":"Point","coordinates":[5.9435324,44.1942215]},"properties":{"commune":"Inconnue","numero":"209137","type_hydrant":"pillar","etat":"Opérationnel"}},{"type":"Feature","geometry":{"type":"Point","coordinates":[6.2030042,43.9927664]},"properties":{"commune":"Inconnue","numero":"028002","type_hydrant":"pillar","etat":"Opérationnel"}},{"type":"Feature","geometry":{"type":"Point","coordinates":[5.7901595,43.9521412]},"properties":{"commune":"Inconnue","numero":"45","type_hydrant":"pillar","etat":"Opérationnel"}},{"type":"Feature","geometry":{"type":"Point","coordinates":[5.6069345,43.8599586]},"properties":{"commune":"Inconnue","numero":"045","type_hydrant":"pillar","etat":"Opérationnel"}},{"type":"Feature","geometry":{"type":"Point","coordinates":[5.6043456,43.8594464]},"properties":{"commune":"Inconnue","numero":"045","type_hydrant":"pillar","etat":"Opérationnel"}},{"type":"Feature","geometry":{"type":"Point","coordinates":[5.6163139,44.1021957]},"properties":{"commune":"Inconnue","numero":"159010","type_hydrant":"pillar","etat":"Opérationnel"}},{"type":"Feature","geometry":{"type":"Point","coordinates":[5.6167256,44.104533]},"properties":{"commune":"Inconnue","numero":"159011","type_hydrant":"pillar","etat":"Opérationnel"}},{"type":"Feature","geometry":{"type":"Point","coordinates":[5.6193972,44.1046697]},"properties":{"commune":"Inconnue","numero":"159012","type_hydrant":"pillar","etat":"Opérationnel"}},{"type":"Feature","geometry":{"type":"Point","coordinates":[5.5475327,44.0823662]},"properties":{"commune":"Inconnue","numero":"163006","type_hydrant":"pillar","etat":"Opérationnel"}},{"type":"Feature","geometry":{"type":"Point","coordinates":[5.6296274,44.038818]},"properties":{"commune":"Inconnue","numero":"13184358716","type_hydrant":"underground","etat":"Opérationnel"}},{"type":"Feature","geometry":{"type":"Point","coordinates":[6.2180776,44.0855985]},"properties":{"commune":"Inconnue","numero":"070093","type_hydrant":"pillar","etat":"Opérationnel"}},{"type":"Feature","geometry":{"type":"Point","coordinates":[6.2173081,44.0862332]},"properties":{"commune":"Inconnue","numero":"070095","type_hydrant":"pillar","etat":"Opérationnel"}},{"type":"Feature","geometry":{"type":"Point","coordinates":[5.7509506,43.7528109]},"properties":{"commune":"Inconnue","numero":"063015","type_hydrant":"pillar","etat":"Opérationnel"}},{"type":"Feature","geometry":{"type":"Point","coordinates":[5.7492087,43.7524226]},"properties":{"commune":"Inconnue","numero":"063016","type_hydrant":"pillar","etat":"Opérationnel"}},{"type":"Feature","geometry":{"type":"Point","coordinates":[6.799911,44.4764098]},"properties":{"commune":"Inconnue","numero":"120003","type_hydrant":"pillar","etat":"Opérationnel"}},{"type":"Feature","geometry":{"type":"Point","coordinates":[6.8091432,44.4801174]},"properties":{"commune":"Inconnue","numero":"120005","type_hydrant":"pillar","etat":"Opérationnel"}},{"type":"Feature","geometry":{"type":"Point","coordinates":[6.8079342,44.4806979]},"properties":{"commune":"Inconnue","numero":"120006","type_hydrant":"pillar","etat":"Opérationnel"}},{"type":"Feature","geometry":{"type":"Point","coordinates":[6.799307,44.4762709]},"properties":{"commune":"Inconnue","numero":"120004","type_hydrant":"pillar","etat":"Opérationnel"}},{"type":"Feature","geometry":{"type":"Point","coordinates":[6.800215,44.4754084]},"properties":{"commune":"Inconnue","numero":"120007","type_hydrant":"pillar","etat":"Opérationnel"}},{"type":"Feature","geometry":{"type":"Point","coordinates":[6.7962264,44.4776505]},"properties":{"commune":"Inconnue","numero":"120001","type_hydrant":"pillar","etat":"Opérationnel"}},{"type":"Feature","geometry":{"type":"Point","coordinates":[6.7979368,44.476116]},"properties":{"commune":"Inconnue","numero":"120002","type_hydrant":"pillar","etat":"Opérationnel"}},{"type":"Feature","geometry":{"type":"Point","coordinates":[6.8459081,44.4521574]},"properties":{"commune":"Inconnue","numero":"120011","type_hydrant":"pillar","etat":"Opérationnel"}},{"type":"Feature","geometry":{"type":"Point","coordinates":[6.84743,44.4521121]},"properties":{"commune":"Inconnue","numero":"120009","type_hydrant":"pillar","etat":"Opérationnel"}},{"type":"Feature","geometry":{"type":"Point","coordinates":[6.8469718,44.451338]},"properties":{"commune":"Inconnue","numero":"120014","type_hydrant":"pillar","etat":"Opérationnel"}},{"type":"Feature","geometry":{"type":"Point","coordinates":[5.9664159,44.1395028]},"properties":{"commune":"Inconnue","numero":"145019","type_hydrant":"pillar","etat":"Opérationnel"}},{"type":"Feature","geometry":{"type":"Point","coordinates":[5.7298737,43.9855743]},"properties":{"commune":"Inconnue","numero":"104005","type_hydrant":"pillar","etat":"Opérationnel"}},{"type":"Feature","geometry":{"type":"Point","coordinates":[5.7303359,43.9846574]},"properties":{"commune":"Inconnue","numero":"104004","type_hydrant":"pillar","etat":"Opérationnel"}},{"type":"Feature","geometry":{"type":"Point","coordinates":[5.7323066,43.9837678]},"properties":{"commune":"Inconnue","numero":"104003","type_hydrant":"pillar","etat":"Opérationnel"}},{"type":"Feature","geometry":{"type":"Point","coordinates":[5.7374225,43.9943503]},"properties":{"commune":"Inconnue","numero":"104006","type_hydrant":"pillar","etat":"Opérationnel"}},{"type":"Feature","geometry":{"type":"Point","coordinates":[5.734243,44.0054294]},"properties":{"commune":"Inconnue","numero":"104002","type_hydrant":"pillar","etat":"Opérationnel"}},{"type":"Feature","geometry":{"type":"Point","coordinates":[5.9470798,44.1877489]},"properties":{"commune":"Inconnue","numero":"209129","type_hydrant":"pillar","etat":"Opérationnel"}},{"type":"Feature","geometry":{"type":"Point","coordinates":[5.9455284,44.1882511]},"properties":{"commune":"Inconnue","numero":"209035","type_hydrant":"pillar","etat":"Opérationnel"}},{"type":"Feature","geometry":{"type":"Point","coordinates":[5.9465415,44.1887787]},"properties":{"commune":"Inconnue","numero":"209162","type_hydrant":"pillar","etat":"Opérationnel"}},{"type":"Feature","geometry":{"type":"Point","coordinates":[5.9457399,44.1893078]},"properties":{"commune":"Inconnue","numero":"209034","type_hydrant":"pillar","etat":"Opérationnel"}},{"type":"Feature","geometry":{"type":"Point","coordinates":[5.9443004,44.1928594]},"properties":{"commune":"Inconnue","numero":"209140","type_hydrant":"pillar","etat":"Opérationnel"}},{"type":"Feature","geometry":{"type":"Point","coordinates":[5.9439618,44.193517]},"properties":{"commune":"Inconnue","numero":"209139","type_hydrant":"pillar","etat":"Opérationnel"}},{"type":"Feature","geometry":{"type":"Point","coordinates":[6.0152491,44.111954]},"properties":{"commune":"Inconnue","numero":"244010","type_hydrant":"pillar","etat":"Opérationnel"}},{"type":"Feature","geometry":{"type":"Point","coordinates":[6.1447145,44.0509273]},"properties":{"commune":"Inconnue","numero":"001032","type_hydrant":"pillar","etat":"Opérationnel"}},{"type":"Feature","geometry":{"type":"Point","coordinates":[6.1444177,44.0515941]},"properties":{"commune":"Inconnue","numero":"001028","type_hydrant":"pillar","etat":"Opérationnel"}},{"type":"Feature","geometry":{"type":"Point","coordinates":[6.1408977,44.0524949]},"properties":{"commune":"Inconnue","numero":"001002","type_hydrant":"pillar","etat":"Opérationnel"}},{"type":"Feature","geometry":{"type":"Point","coordinates":[6.1427474,44.0526887]},"properties":{"commune":"Inconnue","numero":"001036","type_hydrant":"pillar","etat":"Opérationnel"}},{"type":"Feature","geometry":{"type":"Point","coordinates":[6.1400787,44.0536501]},"properties":{"commune":"Inconnue","numero":"001003","type_hydrant":"pillar","etat":"Opérationnel"}},{"type":"Feature","geometry":{"type":"Point","coordinates":[6.1341778,44.0494596]},"properties":{"commune":"Inconnue","numero":"001004","type_hydrant":"pillar","etat":"Opérationnel"}},{"type":"Feature","geometry":{"type":"Point","coordinates":[6.1330752,44.0517094]},"properties":{"commune":"Inconnue","numero":"001005","type_hydrant":"pillar","etat":"Opérationnel"}},{"type":"Feature","geometry":{"type":"Point","coordinates":[6.1332326,44.0530627]},"properties":{"commune":"Inconnue","numero":"001006","type_hydrant":"pillar","etat":"Opérationnel"}},{"type":"Feature","geometry":{"type":"Point","coordinates":[6.1331774,44.0543663]},"properties":{"commune":"Inconnue","numero":"001008","type_hydrant":"pillar","etat":"Opérationnel"}},{"type":"Feature","geometry":{"type":"Point","coordinates":[6.1340132,44.0547546]},"properties":{"commune":"Inconnue","numero":"001007","type_hydrant":"pillar","etat":"Opérationnel"}},{"type":"Feature","geometry":{"type":"Point","coordinates":[6.1364759,44.0570608]},"properties":{"commune":"Inconnue","numero":"001042","type_hydrant":"pillar","etat":"Opérationnel"}},{"type":"Feature","geometry":{"type":"Point","coordinates":[6.1346855,44.0573268]},"properties":{"commune":"Inconnue","numero":"001009","type_hydrant":"pillar","etat":"Opérationnel"}},{"type":"Feature","geometry":{"type":"Point","coordinates":[6.1345426,44.0532356]},"properties":{"commune":"Inconnue","numero":"001010","type_hydrant":"pillar","etat":"Opérationnel"}},{"type":"Feature","geometry":{"type":"Point","coordinates":[6.1372254,44.0512681]},"properties":{"commune":"Inconnue","numero":"001011","type_hydrant":"pillar","etat":"Opérationnel"}},{"type":"Feature","geometry":{"type":"Point","coordinates":[6.3151156,44.3685031]},"properties":{"commune":"Inconnue","numero":"203029","type_hydrant":"pillar","etat":"Opérationnel"}},{"type":"Feature","geometry":{"type":"Point","coordinates":[6.389452,44.2760625]},"properties":{"commune":"Inconnue","numero":"237014","type_hydrant":"pillar","etat":"Opérationnel"}},{"type":"Feature","geometry":{"type":"Point","coordinates":[6.1723336,44.0701548]},"properties":{"commune":"Inconnue","numero":"070151","type_hydrant":"pillar","etat":"Opérationnel"}},{"type":"Feature","geometry":{"type":"Point","coordinates":[6.1728486,44.0692274]},"properties":{"commune":"Inconnue","numero":"001033","type_hydrant":"pillar","etat":"Opérationnel"}},{"type":"Feature","geometry":{"type":"Point","coordinates":[6.1675702,44.0705366]},"properties":{"commune":"Inconnue","numero":"001038","type_hydrant":"pillar","etat":"Opérationnel"}},{"type":"Feature","geometry":{"type":"Point","coordinates":[6.0687319,44.3222135]},"properties":{"commune":"Inconnue","numero":"057004","type_hydrant":"pillar","etat":"Opérationnel"}},{"type":"Feature","geometry":{"type":"Point","coordinates":[6.13296,44.3309778]},"properties":{"commune":"Inconnue","numero":"023009","type_hydrant":"pillar","etat":"Opérationnel"}},{"type":"Feature","geometry":{"type":"Point","coordinates":[6.209602,44.398106]},"properties":{"commune":"Inconnue","numero":"026007","type_hydrant":"pillar","etat":"Opérationnel"}},{"type":"Feature","geometry":{"type":"Point","coordinates":[6.2078335,44.3944029]},"properties":{"commune":"Inconnue","numero":"026008","type_hydrant":"pillar","etat":"Opérationnel"}},{"type":"Feature","geometry":{"type":"Point","coordinates":[6.2398773,44.0920294]},"properties":{"commune":"Inconnue","numero":"070048","type_hydrant":"underground","etat":"Opérationnel"}},{"type":"Feature","geometry":{"type":"Point","coordinates":[5.7494463,43.7615858]},"properties":{"commune":"Inconnue","numero":"063007","type_hydrant":"pillar","etat":"Opérationnel"}},{"type":"Feature","geometry":{"type":"Point","coordinates":[5.7549241,43.7722938]},"properties":{"commune":"Inconnue","numero":"063004","type_hydrant":"pillar","etat":"Opérationnel"}},{"type":"Feature","geometry":{"type":"Point","coordinates":[5.7557737,43.7723564]},"properties":{"commune":"Inconnue","numero":"063018","type_hydrant":"pillar","etat":"Opérationnel"}},{"type":"Feature","geometry":{"type":"Point","coordinates":[5.7632034,43.8252598]},"properties":{"commune":"Inconnue","numero":"112049","type_hydrant":"pillar","etat":"Opérationnel"}},{"type":"Feature","geometry":{"type":"Point","coordinates":[5.7648473,43.8251872]},"properties":{"commune":"Inconnue","numero":"112050","type_hydrant":"pillar","etat":"Opérationnel"}},{"type":"Feature","geometry":{"type":"Point","coordinates":[5.75907,43.8297406]},"properties":{"commune":"Inconnue","numero":"112045","type_hydrant":"pillar","etat":"Opérationnel"}},{"type":"Feature","geometry":{"type":"Point","coordinates":[5.7253971,43.8059479]},"properties":{"commune":"Inconnue","numero":"152050","type_hydrant":"pillar","etat":"Opérationnel"}},{"type":"Feature","geometry":{"type":"Point","coordinates":[5.8097277,43.798244]},"properties":{"commune":"Inconnue","numero":"1121323","type_hydrant":"pillar","etat":"Opérationnel"}},{"type":"Feature","geometry":{"type":"Point","coordinates":[5.8098933,43.7978211]},"properties":{"commune":"Inconnue","numero":"1121324","type_hydrant":"pillar","etat":"Opérationnel"}},{"type":"Feature","geometry":{"type":"Point","coordinates":[5.9114045,44.2343454]},"properties":{"commune":"Inconnue","numero":"209182","type_hydrant":"pillar","etat":"Opérationnel"}},{"type":"Feature","geometry":{"type":"Point","coordinates":[5.9144888,44.2348705]},"properties":{"commune":"Inconnue","numero":"209180","type_hydrant":"pillar","etat":"Opérationnel"}},{"type":"Feature","geometry":{"type":"Point","coordinates":[5.9122608,44.232675]},"properties":{"commune":"Inconnue","numero":"209166","type_hydrant":"pillar","etat":"Opérationnel"}},{"type":"Feature","geometry":{"type":"Point","coordinates":[5.9103906,44.2323753]},"properties":{"commune":"Inconnue","numero":"209200","type_hydrant":"pillar","etat":"Opérationnel"}},{"type":"Feature","geometry":{"type":"Point","coordinates":[5.9057116,44.2327679]},"properties":{"commune":"Inconnue","numero":"209209","type_hydrant":"pillar","etat":"Opérationnel"}},{"type":"Feature","geometry":{"type":"Point","coordinates":[5.9058218,44.2342756]},"properties":{"commune":"Inconnue","numero":"209193","type_hydrant":"pillar","etat":"Opérationnel"}},{"type":"Feature","geometry":{"type":"Point","coordinates":[5.907836,44.2357944]},"properties":{"commune":"Inconnue","numero":"209197","type_hydrant":"pillar","etat":"Opérationnel"}},{"type":"Feature","geometry":{"type":"Point","coordinates":[5.9100679,44.2373149]},"properties":{"commune":"Inconnue","numero":"209156","type_hydrant":"pillar","etat":"Opérationnel"}},{"type":"Feature","geometry":{"type":"Point","coordinates":[5.9118987,44.2370103]},"properties":{"commune":"Inconnue","numero":"209183","type_hydrant":"pillar","etat":"Opérationnel"}},{"type":"Feature","geometry":{"type":"Point","coordinates":[5.9490361,44.1787502]},"properties":{"commune":"Inconnue","numero":"209136","type_hydrant":"pillar","etat":"Opérationnel"}},{"type":"Feature","geometry":{"type":"Point","coordinates":[5.9487181,44.1796889]},"properties":{"commune":"Inconnue","numero":"209173","type_hydrant":"pillar","etat":"Opérationnel"}},{"type":"Feature","geometry":{"type":"Point","coordinates":[6.2157764,44.0889497]},"properties":{"commune":"Inconnue","numero":"070084","type_hydrant":"pillar","etat":"Opérationnel"}},{"type":"Feature","geometry":{"type":"Point","coordinates":[6.2264102,44.0901471]},"properties":{"commune":"Inconnue","numero":"070075","type_hydrant":"pillar","etat":"Opérationnel"}},{"type":"Feature","geometry":{"type":"Point","coordinates":[6.1470183,44.0597566]},"properties":{"commune":"Inconnue","numero":"001022","type_hydrant":"pillar","etat":"Opérationnel"}},{"type":"Feature","geometry":{"type":"Point","coordinates":[5.6276102,44.1203838]},"properties":{"commune":"Inconnue","numero":"159004","type_hydrant":"pillar","etat":"Opérationnel"}},{"type":"Feature","geometry":{"type":"Point","coordinates":[5.6243086,44.1141297]},"properties":{"commune":"Inconnue","numero":"159001","type_hydrant":"pillar","etat":"Opérationnel"}},{"type":"Feature","geometry":{"type":"Point","coordinates":[5.6231789,44.1109762]},"properties":{"commune":"Inconnue","numero":"159015","type_hydrant":"pillar","etat":"Opérationnel"}},{"type":"Feature","geometry":{"type":"Point","coordinates":[5.672219,43.9712134]},"properties":{"commune":"Inconnue","numero":"162004","type_hydrant":"pillar","etat":"Opérationnel"}},{"type":"Feature","geometry":{"type":"Point","coordinates":[5.5665938,43.9814579]},"properties":{"commune":"Inconnue","numero":"208031","type_hydrant":"pillar","etat":"Opérationnel"}},{"type":"Feature","geometry":{"type":"Point","coordinates":[5.563553,43.9812634]},"properties":{"commune":"Inconnue","numero":"208030","type_hydrant":"pillar","etat":"Opérationnel"}},{"type":"Feature","geometry":{"type":"Point","coordinates":[5.5621927,43.9817134]},"properties":{"commune":"Inconnue","numero":"208032","type_hydrant":"pillar","etat":"Opérationnel"}},{"type":"Feature","geometry":{"type":"Point","coordinates":[5.5632132,43.9795168]},"properties":{"commune":"Inconnue","numero":"208033","type_hydrant":"pillar","etat":"Opérationnel"}},{"type":"Feature","geometry":{"type":"Point","coordinates":[5.5633784,43.9766918]},"properties":{"commune":"Inconnue","numero":"208034","type_hydrant":"pillar","etat":"Opérationnel"}},{"type":"Feature","geometry":{"type":"Point","coordinates":[5.9117538,43.9192375]},"properties":{"commune":"Inconnue","numero":"143105","type_hydrant":"pillar","etat":"Opérationnel"}},{"type":"Feature","geometry":{"type":"Point","coordinates":[5.9119577,43.9155716]},"properties":{"commune":"Inconnue","numero":"143027","type_hydrant":"pillar","etat":"Opérationnel"}},{"type":"Feature","geometry":{"type":"Point","coordinates":[5.9285459,43.9864452]},"properties":{"commune":"Inconnue","numero":"116115","type_hydrant":"pillar","etat":"Opérationnel"}},{"type":"Feature","geometry":{"type":"Point","coordinates":[5.9291661,43.9843273]},"properties":{"commune":"Inconnue","numero":"116113","type_hydrant":"pillar","etat":"Opérationnel"}},{"type":"Feature","geometry":{"type":"Point","coordinates":[5.8469553,43.8661357]},"properties":{"commune":"Inconnue","numero":"13340800565","type_hydrant":"pillar","etat":"Opérationnel"}},{"type":"Feature","geometry":{"type":"Point","coordinates":[5.8495559,43.8476321]},"properties":{"commune":"Inconnue","numero":"13340867104","type_hydrant":"pillar","etat":"Opérationnel"}},{"type":"Feature","geometry":{"type":"Point","coordinates":[5.7684805,43.9432307]},"properties":{"commune":"Inconnue","numero":"111009","type_hydrant":"pillar","etat":"Opérationnel"}},{"type":"Feature","geometry":{"type":"Point","coordinates":[5.7706523,43.9445048]},"properties":{"commune":"Inconnue","numero":"13346516365","type_hydrant":"pillar","etat":"Opérationnel"}},{"type":"Feature","geometry":{"type":"Point","coordinates":[5.7704504,43.9439536]},"properties":{"commune":"Inconnue","numero":"13346516366","type_hydrant":"pillar","etat":"Opérationnel"}},{"type":"Feature","geometry":{"type":"Point","coordinates":[5.77254,43.9502215]},"properties":{"commune":"Inconnue","numero":"13346516384","type_hydrant":"pillar","etat":"Opérationnel"}},{"type":"Feature","geometry":{"type":"Point","coordinates":[5.777689,43.9580993]},"properties":{"commune":"Inconnue","numero":"088054","type_hydrant":"pillar","etat":"Opérationnel"}},{"type":"Feature","geometry":{"type":"Point","coordinates":[6.1963824,43.9976991]},"properties":{"commune":"Inconnue","numero":"121001","type_hydrant":"pillar","etat":"Opérationnel"}},{"type":"Feature","geometry":{"type":"Point","coordinates":[6.2666964,44.0457874]},"properties":{"commune":"Inconnue","numero":"074001","type_hydrant":"pillar","etat":"Opérationnel"}},{"type":"Feature","geometry":{"type":"Point","coordinates":[6.2659642,44.0456988]},"properties":{"commune":"Inconnue","numero":"070004","type_hydrant":"pillar","etat":"Opérationnel"}},{"type":"Feature","geometry":{"type":"Point","coordinates":[6.2664166,44.0461003]},"properties":{"commune":"Inconnue","numero":"074002","type_hydrant":"pillar","etat":"Opérationnel"}},{"type":"Feature","geometry":{"type":"Point","coordinates":[5.894152,43.7547198]},"properties":{"commune":"Inconnue","numero":"094109","type_hydrant":"pillar","etat":"Opérationnel"}},{"type":"Feature","geometry":{"type":"Point","coordinates":[5.8936334,43.7554302]},"properties":{"commune":"Inconnue","numero":"094057","type_hydrant":"pillar","etat":"Opérationnel"}},{"type":"Feature","geometry":{"type":"Point","coordinates":[5.892709,43.7548639]},"properties":{"commune":"Inconnue","numero":"094110","type_hydrant":"pillar","etat":"Opérationnel"}},{"type":"Feature","geometry":{"type":"Point","coordinates":[5.7935764,43.8555289]},"properties":{"commune":"Inconnue","numero":"13363446551","type_hydrant":"pillar","etat":"Opérationnel"}},{"type":"Feature","geometry":{"type":"Point","coordinates":[5.7936384,43.8555736]},"properties":{"commune":"Inconnue","numero":"13363446552","type_hydrant":"pillar","etat":"Opérationnel"}},{"type":"Feature","geometry":{"type":"Point","coordinates":[6.6494873,44.3852877]},"properties":{"commune":"Inconnue","numero":"019009","type_hydrant":"pillar","etat":"Opérationnel"}},{"type":"Feature","geometry":{"type":"Point","coordinates":[6.7451914,44.4584675]},"properties":{"commune":"Inconnue","numero":"062019","type_hydrant":"pillar","etat":"Opérationnel"}},{"type":"Feature","geometry":{"type":"Point","coordinates":[6.8230924,43.9509752]},"properties":{"commune":"Inconnue","numero":"13376372634","type_hydrant":"pillar","etat":"Opérationnel"}},{"type":"Feature","geometry":{"type":"Point","coordinates":[6.8177063,43.9496313]},"properties":{"commune":"Inconnue","numero":"13376376914","type_hydrant":"pillar","etat":"Opérationnel"}},{"type":"Feature","geometry":{"type":"Point","coordinates":[5.7617851,43.9360685]},"properties":{"commune":"Inconnue","numero":"13378735182","type_hydrant":"pillar","etat":"Opérationnel"}},{"type":"Feature","geometry":{"type":"Point","coordinates":[5.768178,43.9369385]},"properties":{"commune":"Inconnue","numero":"111022","type_hydrant":"pillar","etat":"Opérationnel"}},{"type":"Feature","geometry":{"type":"Point","coordinates":[5.7659496,43.9362598]},"properties":{"commune":"Inconnue","numero":"111016","type_hydrant":"pillar","etat":"Opérationnel"}},{"type":"Feature","geometry":{"type":"Point","coordinates":[5.9148145,44.2295193]},"properties":{"commune":"Inconnue","numero":"209080","type_hydrant":"pillar","etat":"Opérationnel"}},{"type":"Feature","geometry":{"type":"Point","coordinates":[5.917844,44.2286156]},"properties":{"commune":"Inconnue","numero":"13392633242","type_hydrant":"pillar","etat":"Opérationnel"}},{"type":"Feature","geometry":{"type":"Point","coordinates":[5.9164781,44.230679]},"properties":{"commune":"Inconnue","numero":"13392685253","type_hydrant":"pillar","etat":"Opérationnel"}},{"type":"Feature","geometry":{"type":"Point","coordinates":[5.9148498,44.2326656]},"properties":{"commune":"Inconnue","numero":"13392685261","type_hydrant":"pillar","etat":"Opérationnel"}},{"type":"Feature","geometry":{"type":"Point","coordinates":[5.9292841,44.2101146]},"properties":{"commune":"Inconnue","numero":"209121","type_hydrant":"pillar","etat":"Opérationnel"}},{"type":"Feature","geometry":{"type":"Point","coordinates":[5.9340912,44.2056816]},"properties":{"commune":"Inconnue","numero":"13393165781","type_hydrant":"pillar","etat":"Opérationnel"}},{"type":"Feature","geometry":{"type":"Point","coordinates":[6.4063907,43.913237]},"properties":{"commune":"Inconnue","numero":"204001","type_hydrant":"pillar","etat":"Opérationnel"}},{"type":"Feature","geometry":{"type":"Point","coordinates":[6.4077771,43.91358]},"properties":{"commune":"Inconnue","numero":"204002","type_hydrant":"pillar","etat":"Opérationnel"}},{"type":"Feature","geometry":{"type":"Point","coordinates":[6.4177944,43.8911766]},"properties":{"commune":"Inconnue","numero":"204009","type_hydrant":"pillar","etat":"Opérationnel"}},{"type":"Feature","geometry":{"type":"Point","coordinates":[6.4195045,43.8996185]},"properties":{"commune":"Inconnue","numero":"204007","type_hydrant":"pillar","etat":"Opérationnel"}},{"type":"Feature","geometry":{"type":"Point","coordinates":[5.7833196,43.8133085]},"properties":{"commune":"Inconnue","numero":"112231","type_hydrant":"pillar","etat":"Opérationnel"}},{"type":"Feature","geometry":{"type":"Point","coordinates":[5.7826465,43.8139564]},"properties":{"commune":"Inconnue","numero":"112230","type_hydrant":"pillar","etat":"Opérationnel"}},{"type":"Feature","geometry":{"type":"Point","coordinates":[5.7918357,43.836816]},"properties":{"commune":"Inconnue","numero":"112446","type_hydrant":"pillar","etat":"Opérationnel"}},{"type":"Feature","geometry":{"type":"Point","coordinates":[5.7735946,43.8318212]},"properties":{"commune":"Inconnue","numero":"112456","type_hydrant":"pillar","etat":"Opérationnel"}},{"type":"Feature","geometry":{"type":"Point","coordinates":[6.2683929,44.1370367]},"properties":{"commune":"Inconnue","numero":"113013","type_hydrant":"pillar","etat":"Opérationnel"}},{"type":"Feature","geometry":{"type":"Point","coordinates":[5.7958111,43.8303859]},"properties":{"commune":"Inconnue","numero":"112277","type_hydrant":"pillar","etat":"Opérationnel"}},{"type":"Feature","geometry":{"type":"Point","coordinates":[5.7965658,43.8308247]},"properties":{"commune":"Inconnue","numero":"112316","type_hydrant":"pillar","etat":"Opérationnel"}},{"type":"Feature","geometry":{"type":"Point","coordinates":[6.0243101,43.9378819]},"properties":{"commune":"Inconnue","numero":"077001","type_hydrant":"pillar","etat":"Opérationnel"}},{"type":"Feature","geometry":{"type":"Point","coordinates":[6.6274877,44.3771063]},"properties":{"commune":"Inconnue","numero":"019072","type_hydrant":"pillar","etat":"Opérationnel"}},{"type":"Feature","geometry":{"type":"Point","coordinates":[6.6275836,44.3785444]},"properties":{"commune":"Inconnue","numero":"019071","type_hydrant":"pillar","etat":"Opérationnel"}},{"type":"Feature","geometry":{"type":"Point","coordinates":[6.6286482,44.3788919]},"properties":{"commune":"Inconnue","numero":"019083","type_hydrant":"pillar","etat":"Opérationnel"}},{"type":"Feature","geometry":{"type":"Point","coordinates":[6.6287916,44.3795449]},"properties":{"commune":"Inconnue","numero":"019070","type_hydrant":"pillar","etat":"Opérationnel"}},{"type":"Feature","geometry":{"type":"Point","coordinates":[5.6906065,44.091959]},"properties":{"commune":"Inconnue","numero":"201002","type_hydrant":"pillar","etat":"Opérationnel"}},{"type":"Feature","geometry":{"type":"Point","coordinates":[5.9581121,44.3192324]},"properties":{"commune":"Inconnue","numero":"207003","type_hydrant":"pillar","etat":"Opérationnel"}},{"type":"Feature","geometry":{"type":"Point","coordinates":[5.7079134,43.8892371]},"properties":{"commune":"Inconnue","numero":"192025","type_hydrant":"pillar","etat":"Opérationnel"}},{"type":"Feature","geometry":{"type":"Point","coordinates":[5.7833317,43.8242157]},"properties":{"commune":"Inconnue","numero":"112184","type_hydrant":"pillar","etat":"Opérationnel"}},{"type":"Feature","geometry":{"type":"Point","coordinates":[6.3871437,44.0698045]},"properties":{"commune":"Inconnue","numero":"214002","type_hydrant":"pillar","etat":"Opérationnel"}},{"type":"Feature","geometry":{"type":"Point","coordinates":[6.411331,44.0698896]},"properties":{"commune":"Inconnue","numero":"214001","type_hydrant":"pillar","etat":"Opérationnel"}},{"type":"Feature","geometry":{"type":"Point","coordinates":[6.3988579,44.0723152]},"properties":{"commune":"Inconnue","numero":"214006","type_hydrant":"pillar","etat":"Opérationnel"}},{"type":"Feature","geometry":{"type":"Point","coordinates":[6.4433132,44.0476907]},"properties":{"commune":"Inconnue","numero":"099001","type_hydrant":"pillar","etat":"Opérationnel"}},{"type":"Feature","geometry":{"type":"Point","coordinates":[6.4428091,44.0477039]},"properties":{"commune":"Inconnue","numero":"099002","type_hydrant":"pillar","etat":"Opérationnel"}},{"type":"Feature","geometry":{"type":"Point","coordinates":[6.43955,44.0445337]},"properties":{"commune":"Inconnue","numero":"099011","type_hydrant":"pillar","etat":"Opérationnel"}},{"type":"Feature","geometry":{"type":"Point","coordinates":[6.456689,43.98461]},"properties":{"commune":"Inconnue","numero":"133007","type_hydrant":"pillar","etat":"Opérationnel"}},{"type":"Feature","geometry":{"type":"Point","coordinates":[6.4574416,43.9834253]},"properties":{"commune":"Inconnue","numero":"133006","type_hydrant":"pillar","etat":"Opérationnel"}},{"type":"Feature","geometry":{"type":"Point","coordinates":[6.4675091,43.9632298]},"properties":{"commune":"Inconnue","numero":"133005","type_hydrant":"pillar","etat":"Opérationnel"}},{"type":"Feature","geometry":{"type":"Point","coordinates":[6.4710891,43.9616534]},"properties":{"commune":"Inconnue","numero":"133002","type_hydrant":"pillar","etat":"Opérationnel"}},{"type":"Feature","geometry":{"type":"Point","coordinates":[6.5050805,43.9651936]},"properties":{"commune":"Inconnue","numero":"173014","type_hydrant":"pillar","etat":"Opérationnel"}},{"type":"Feature","geometry":{"type":"Point","coordinates":[6.5063753,43.9650429]},"properties":{"commune":"Inconnue","numero":"173015","type_hydrant":"pillar","etat":"Opérationnel"}},{"type":"Feature","geometry":{"type":"Point","coordinates":[6.5067792,43.9666906]},"properties":{"commune":"Inconnue","numero":"173013","type_hydrant":"pillar","etat":"Opérationnel"}},{"type":"Feature","geometry":{"type":"Point","coordinates":[6.5079649,43.9672398]},"properties":{"commune":"Inconnue","numero":"13506703068","type_hydrant":"pillar","etat":"Opérationnel"}},{"type":"Feature","geometry":{"type":"Point","coordinates":[6.5075837,43.9655697]},"properties":{"commune":"Inconnue","numero":"173016","type_hydrant":"pillar","etat":"Opérationnel"}},{"type":"Feature","geometry":{"type":"Point","coordinates":[6.5034476,43.9638255]},"properties":{"commune":"Inconnue","numero":"173020","type_hydrant":"pillar","etat":"Opérationnel"}},{"type":"Feature","geometry":{"type":"Point","coordinates":[6.506297,43.9613432]},"properties":{"commune":"Inconnue","numero":"173022","type_hydrant":"pillar","etat":"Opérationnel"}},{"type":"Feature","geometry":{"type":"Point","coordinates":[6.5073394,43.9615149]},"properties":{"commune":"Inconnue","numero":"173025","type_hydrant":"pillar","etat":"Opérationnel"}},{"type":"Feature","geometry":{"type":"Point","coordinates":[6.5080027,43.9683117]},"properties":{"commune":"Inconnue","numero":"173010","type_hydrant":"pillar","etat":"Opérationnel"}},{"type":"Feature","geometry":{"type":"Point","coordinates":[6.5098889,43.9676788]},"properties":{"commune":"Inconnue","numero":"173009","type_hydrant":"pillar","etat":"Opérationnel"}},{"type":"Feature","geometry":{"type":"Point","coordinates":[6.5575045,43.9436357]},"properties":{"commune":"Inconnue","numero":"007001","type_hydrant":"pillar","etat":"Opérationnel"}},{"type":"Feature","geometry":{"type":"Point","coordinates":[6.5885391,43.9139344]},"properties":{"commune":"Inconnue","numero":"236005","type_hydrant":"pillar","etat":"Opérationnel"}},{"type":"Feature","geometry":{"type":"Point","coordinates":[6.5871477,43.9140518]},"properties":{"commune":"Inconnue","numero":"236007","type_hydrant":"pillar","etat":"Opérationnel"}},{"type":"Feature","geometry":{"type":"Point","coordinates":[6.5874903,43.9144383]},"properties":{"commune":"Inconnue","numero":"236004","type_hydrant":"pillar","etat":"Opérationnel"}},{"type":"Feature","geometry":{"type":"Point","coordinates":[6.6342004,43.9308]},"properties":{"commune":"Inconnue","numero":"236010","type_hydrant":"pillar","etat":"Opérationnel"}},{"type":"Feature","geometry":{"type":"Point","coordinates":[6.0084533,44.0929985]},"properties":{"commune":"Inconnue","numero":"049152","type_hydrant":"pillar","etat":"Opérationnel"}},{"type":"Feature","geometry":{"type":"Point","coordinates":[6.6618405,43.9262813]},"properties":{"commune":"Inconnue","numero":"224005","type_hydrant":"pillar","etat":"Opérationnel"}},{"type":"Feature","geometry":{"type":"Point","coordinates":[6.255138,44.0818097]},"properties":{"commune":"Inconnue","numero":"070296","type_hydrant":"pillar","etat":"Opérationnel"}},{"type":"Feature","geometry":{"type":"Point","coordinates":[6.26636,44.0793131]},"properties":{"commune":"Inconnue","numero":"070070","type_hydrant":"pillar","etat":"Opérationnel"}},{"type":"Feature","geometry":{"type":"Point","coordinates":[6.2641551,44.0794849]},"properties":{"commune":"Inconnue","numero":"070069","type_hydrant":"pillar","etat":"Opérationnel"}},{"type":"Feature","geometry":{"type":"Point","coordinates":[5.8977992,44.173424]},"properties":{"commune":"Inconnue","numero":"027019","type_hydrant":"pillar","etat":"Opérationnel"}},{"type":"Feature","geometry":{"type":"Point","coordinates":[6.3556038,44.2292451]},"properties":{"commune":"Inconnue","numero":"024003","type_hydrant":"pillar","etat":"Opérationnel"}},{"type":"Feature","geometry":{"type":"Point","coordinates":[6.2181503,44.0881858]},"properties":{"commune":"Inconnue","numero":"070081","type_hydrant":"pillar","etat":"Opérationnel"}},{"type":"Feature","geometry":{"type":"Point","coordinates":[5.9461369,44.1800207]},"properties":{"commune":"Inconnue","numero":"209040","type_hydrant":"pillar","etat":"Opérationnel"}},{"type":"Feature","geometry":{"type":"Point","coordinates":[5.9203832,44.2173484]},"properties":{"commune":"Inconnue","numero":"209076","type_hydrant":"pillar","etat":"Opérationnel"}},{"type":"Feature","geometry":{"type":"Point","coordinates":[6.1239565,43.9522642]},"properties":{"commune":"Inconnue","numero":"181001","type_hydrant":"pillar","etat":"Opérationnel"}},{"type":"Feature","geometry":{"type":"Point","coordinates":[5.7959064,43.9031809]},"properties":{"commune":"Inconnue","numero":"13570585454","type_hydrant":"pillar","etat":"Opérationnel"}},{"type":"Feature","geometry":{"type":"Point","coordinates":[6.15801,44.0895575]},"properties":{"commune":"Inconnue","numero":"047018","type_hydrant":"pillar","etat":"Opérationnel"}},{"type":"Feature","geometry":{"type":"Point","coordinates":[6.1626105,44.0895421]},"properties":{"commune":"Inconnue","numero":"047016","type_hydrant":"pillar","etat":"Opérationnel"}},{"type":"Feature","geometry":{"type":"Point","coordinates":[6.1604793,44.0917426]},"properties":{"commune":"Inconnue","numero":"047011","type_hydrant":"pillar","etat":"Opérationnel"}},{"type":"Feature","geometry":{"type":"Point","coordinates":[6.2349512,44.0956515]},"properties":{"commune":"Inconnue","numero":"070037","type_hydrant":"pillar","etat":"Opérationnel"}},{"type":"Feature","geometry":{"type":"Point","coordinates":[6.2329892,44.0946344]},"properties":{"commune":"Inconnue","numero":"070034","type_hydrant":"pillar","etat":"Opérationnel"}},{"type":"Feature","geometry":{"type":"Point","coordinates":[6.2280606,44.0911822]},"properties":{"commune":"Inconnue","numero":"070271","type_hydrant":"pillar","etat":"Opérationnel"}},{"type":"Feature","geometry":{"type":"Point","coordinates":[5.7805103,43.9582967]},"properties":{"commune":"Inconnue","numero":"088050","type_hydrant":"pillar","etat":"Opérationnel"}},{"type":"Feature","geometry":{"type":"Point","coordinates":[5.7790467,44.0452841]},"properties":{"commune":"Inconnue","numero":"178022","type_hydrant":"pillar","etat":"Opérationnel"}},{"type":"Feature","geometry":{"type":"Point","coordinates":[5.9586303,44.288276]},"properties":{"commune":"Inconnue","numero":"230011","type_hydrant":"pillar","etat":"Opérationnel"}},{"type":"Feature","geometry":{"type":"Point","coordinates":[5.9593741,44.2622948]},"properties":{"commune":"Inconnue","numero":"231002","type_hydrant":"pillar","etat":"Opérationnel"}},{"type":"Feature","geometry":{"type":"Point","coordinates":[6.5681725,44.298593]},"properties":{"commune":"Inconnue","numero":"006080","type_hydrant":"pillar","etat":"Opérationnel"}},{"type":"Feature","geometry":{"type":"Point","coordinates":[6.5687168,44.2975427]},"properties":{"commune":"Inconnue","numero":"006044","type_hydrant":"pillar","etat":"Opérationnel"}},{"type":"Feature","geometry":{"type":"Point","coordinates":[6.5690206,44.2908853]},"properties":{"commune":"Inconnue","numero":"006050","type_hydrant":"pillar","etat":"Opérationnel"}},{"type":"Feature","geometry":{"type":"Point","coordinates":[6.57051,44.2862694]},"properties":{"commune":"Inconnue","numero":"006060","type_hydrant":"pillar","etat":"Opérationnel"}},{"type":"Feature","geometry":{"type":"Point","coordinates":[6.5706833,44.2856777]},"properties":{"commune":"Inconnue","numero":"006082","type_hydrant":"pillar","etat":"Opérationnel"}},{"type":"Feature","geometry":{"type":"Point","coordinates":[6.5716564,44.2857722]},"properties":{"commune":"Inconnue","numero":"006061","type_hydrant":"pillar","etat":"Opérationnel"}},{"type":"Feature","geometry":{"type":"Point","coordinates":[6.5731089,44.282786]},"properties":{"commune":"Inconnue","numero":"006063","type_hydrant":"pillar","etat":"Opérationnel"}},{"type":"Feature","geometry":{"type":"Point","coordinates":[6.0288397,44.0432379]},"properties":{"commune":"Inconnue","numero":"108003","type_hydrant":"pillar","etat":"Opérationnel"}},{"type":"Feature","geometry":{"type":"Point","coordinates":[5.7574576,43.9356849]},"properties":{"commune":"Inconnue","numero":"111002","type_hydrant":"pillar","etat":"Opérationnel"}},{"type":"Feature","geometry":{"type":"Point","coordinates":[5.7638862,43.939105]},"properties":{"commune":"Inconnue","numero":"111004","type_hydrant":"pillar","etat":"Opérationnel"}},{"type":"Feature","geometry":{"type":"Point","coordinates":[5.763585,43.9431523]},"properties":{"commune":"Inconnue","numero":"111008","type_hydrant":"pillar","etat":"Opérationnel"}},{"type":"Feature","geometry":{"type":"Point","coordinates":[5.7657906,43.9413377]},"properties":{"commune":"Inconnue","numero":"111007","type_hydrant":"pillar","etat":"Opérationnel"}},{"type":"Feature","geometry":{"type":"Point","coordinates":[5.7679099,43.937994]},"properties":{"commune":"Inconnue","numero":"13620839048","type_hydrant":"pillar","etat":"Opérationnel"}},{"type":"Feature","geometry":{"type":"Point","coordinates":[5.7692072,43.9379705]},"properties":{"commune":"Inconnue","numero":"111023","type_hydrant":"pillar","etat":"Opérationnel"}},{"type":"Feature","geometry":{"type":"Point","coordinates":[5.7672652,43.9379609]},"properties":{"commune":"Inconnue","numero":"111021","type_hydrant":"pillar","etat":"Opérationnel"}},{"type":"Feature","geometry":{"type":"Point","coordinates":[6.5686913,44.2898499]},"properties":{"commune":"Inconnue","numero":"006057","type_hydrant":"pillar","etat":"Opérationnel"}},{"type":"Feature","geometry":{"type":"Point","coordinates":[6.2941493,44.4572844]},"properties":{"commune":"Inconnue","numero":"033029","type_hydrant":"pillar","etat":"Opérationnel"}},{"type":"Feature","geometry":{"type":"Point","coordinates":[5.9494178,44.1852587]},"properties":{"commune":"Inconnue","numero":"209133","type_hydrant":"pillar","etat":"Opérationnel"}},{"type":"Feature","geometry":{"type":"Point","coordinates":[5.8389158,43.8724176]},"properties":{"commune":"Inconnue","numero":"245 064","type_hydrant":"pillar","etat":"Opérationnel"}},{"type":"Feature","geometry":{"type":"Point","coordinates":[5.8843292,43.9654954]},"properties":{"commune":"Inconnue","numero":"13716690991","type_hydrant":"PI","etat":"Opérationnel"}},{"type":"Feature","geometry":{"type":"Point","coordinates":[5.7387732,43.8608676]},"properties":{"commune":"Inconnue","numero":"190011","type_hydrant":"pillar","etat":"Opérationnel"}},{"type":"Feature","geometry":{"type":"Point","coordinates":[5.7374677,43.851271]},"properties":{"commune":"Inconnue","numero":"190013","type_hydrant":"pillar","etat":"Opérationnel"}},{"type":"Feature","geometry":{"type":"Point","coordinates":[5.7366896,43.8546303]},"properties":{"commune":"Inconnue","numero":"190012","type_hydrant":"pillar","etat":"Opérationnel"}},{"type":"Feature","geometry":{"type":"Point","coordinates":[5.7400558,43.870997]},"properties":{"commune":"Inconnue","numero":"190009","type_hydrant":"pillar","etat":"Opérationnel"}},{"type":"Feature","geometry":{"type":"Point","coordinates":[5.7345558,43.8745903]},"properties":{"commune":"Inconnue","numero":"190005","type_hydrant":"underground","etat":"Opérationnel"}},{"type":"Feature","geometry":{"type":"Point","coordinates":[6.8118952,43.950389]},"properties":{"commune":"Inconnue","numero":"13829508805","type_hydrant":"pillar","etat":"Opérationnel"}}]}